SecondsPlayed,Minutes,PlusMinus,OffPoss,DefPoss,PenaltyOffPoss,PenaltyDefPoss,SecondChanceOffPoss,TotalPoss,AtRimFGM,AtRimFGA,SecondChanceAtRimFGM,SecondChanceAtRimFGA,PenaltyAtRimFGM,PenaltyAtRimFGA,ShortMidRangeFGM,ShortMidRangeFGA,LongMidRangeFGM,LongMidRangeFGA,Corner3FGM,Corner3FGA,SecondChanceCorner3FGM,SecondChanceCorner3FGA,PenaltyCorner3FGM,PenaltyCorner3FGA,Arc3FGM,Arc3FGA,SecondChanceArc3FGM,SecondChanceArc3FGA,PenaltyArc3FGM,PenaltyArc3FGA,FG2M,FG2A,FG3M,FG3A,FtPoints,Points,OpponentPoints,SecondChanceFG2M,SecondChanceFG2A,SecondChanceFG3M,SecondChanceFG3A,SecondChanceFtPoints,SecondChancePoints,PenaltyFG2M,PenaltyFG2A,PenaltyFG3M,PenaltyFG3A,PenaltyFtPoints,PenaltyPoints,PtsAssisted2s,PtsUnassisted2s,PtsAssisted3s,PtsUnassisted3s,PtsPutbacks,HeaveMakes,HeaveAttempts,NonHeaveArc3FGA,NonHeaveArc3FGM,Fg2aBlocked,TwoPtAssists,ThreePtAssists,Assists,Arc3Assists,Corner3Assists,AtRimAssists,ShortMidRangeAssists,LongMidRangeAssists,AssistPoints,OffThreePtRebounds,OffTwoPtRebounds,FTOffRebounds,DefThreePtRebounds,DefTwoPtRebounds,FTDefRebounds,DefRebounds,OffRebounds,Rebounds,SelfOReb,Steals,BadPassSteals,LostBallSteals,LiveBallTurnovers,BadPassOutOfBoundsTurnovers,BadPassTurnovers,DeadBallTurnovers,LostBallOutOfBoundsTurnovers,LostBallTurnovers,Travels,Turnovers,SecondChanceTurnovers,PenaltyTurnovers,ShootingFouls,Fouls,Clear Path Fouls,Loose Ball Fouls,Offensive Fouls,FTA,2pt And 1 Free Throw Trips,Technical Free Throw Trips,TwoPtShootingFoulsDrawn,ThreePtShootingFoulsDrawn,NonShootingFoulsDrawn,Blocked2s,Blocked3s,BlockedArc3,BlockedAtRim,BlockedCorner3,BlockedLongMidRange,BlockedShortMidRange,Blocks,RecoveredBlocks,DefensiveGoaltends,OffensiveGoaltends,3SecondViolations,Defensive 3 Seconds Violations,FirstChancePoints,PenaltyPointsExcludingTakeFouls,PenaltyOffPossExcludingTakeFouls,NonShootingPenaltyNonTakeFouls,Assisted2sPct,NonPutbacksAssisted2sPct,Assisted3sPct,Fg3Pct,SecondChanceFg3Pct,PenaltyFg3Pct,NonHeaveFg3Pct,Fg2Pct,SecondChanceFg2Pct,PenaltyFg2Pct,EfgPct,SecondChanceEfgPct,PenaltyEfgPct,TsPct,SecondChanceTsPct,PenaltyTsPct,FG3APct,FG2APctBlocked,AtRimPctBlocked,ShortMidRangePctBlocked,LongMidRangePctBlocked,LiveBallTurnoverPct,DefFTReboundPct,OffFTReboundPct,DefTwoPtReboundPct,OffTwoPtReboundPct,DefThreePtReboundPct,OffThreePtReboundPct,DefFGReboundPct,OffFGReboundPct,OffAtRimReboundPct,OffShortMidRangeReboundPct,OffLongMidRangeReboundPct,OffArc3ReboundPct,OffCorner3ReboundPct,DefAtRimReboundPct,DefShortMidRangeReboundPct,DefLongMidRangeReboundPct,DefArc3ReboundPct,DefCorner3ReboundPct,SelfORebPct,Pace,BlocksRecoveredPct,SecondsPerPossOff,SecondsPerPossDef,SecondsExcludingORebsPerPossOff,SecondsExcludingORebsPerPossDef,AtRimFrequency,AtRimAccuracy,UnblockedAtRimAccuracy,AtRimPctAssisted,ShortMidRangeFrequency,ShortMidRangeAccuracy,UnblockedShortMidRangeAccuracy,ShortMidRangePctAssisted,LongMidRangeFrequency,LongMidRangeAccuracy,UnblockedLongMidRangeAccuracy,LongMidRangePctAssisted,Corner3Frequency,Corner3Accuracy,UnblockedCorner3Accuracy,Corner3PctAssisted,Arc3Frequency,Arc3Accuracy,UnblockedArc3Accuracy,Arc3PctAssisted,SecondChanceAtRimFrequency,SecondChanceAtRimAccuracy,SecondChanceAtRimPctAssisted,SecondChanceCorner3Frequency,SecondChanceCorner3Accuracy,SecondChanceCorner3PctAssisted,SecondChanceArc3Frequency,SecondChanceArc3Accuracy,SecondChanceArc3PctAssisted,PenaltyAtRimFrequency,PenaltyAtRimAccuracy,PenaltyCorner3Frequency,PenaltyCorner3Accuracy,PenaltyArc3Frequency,PenaltyArc3Accuracy,AtRimFG3AFrequency,NonHeaveArc3Accuracy,ShotQualityAvg,SecondChanceShotQualityAvg,PenaltyShotQualityAvg,ShootingFoulsDrawnPct,TwoPtShootingFoulsDrawnPct,ThreePtShootingFoulsDrawnPct,SecondChancePointsPct,PenaltyPointsPct,Avg2ptShotDistance,Avg3ptShotDistance,PenaltyOffPossPct,player_on,Fg3aBlocked,3pt And 1 Free Throw Trips,FG3APctBlocked,Corner3PctBlocked,Arc3PctBlocked,player_id,team_id,year,season,player_vs,FoulsDrawn,Offensive Fouls Drawn,FTA_Rate,TOV%,StepOutOfBoundsTurnovers,Loose Ball Fouls Drawn,NonShootingPenaltyNonTakeFoulsDrawn,BlockingFouls,Charge Fouls,Charge Fouls Drawn,BlockingFoulsDrawn,Transition Take Fouls,Transition Take Fouls Drawn,aEfgPct,aFTA_Rate,aTOV%,aTsPct,aOffFGReboundPct,rEfgPct,rFTA_Rate,rTOV%,rTsPct,rOffFGReboundPct
20298.0,338.0,47.0,651.0,644.0,249.0,200.0,89.0,1295.0,104.0,179.0,20.0,46.0,45.0,71.0,43.0,109.0,55.0,157.0,11.0,24.0,1.0,1.0,4.0,12.0,26.0,84.0,4.0,6.0,5.0,31.0,202.0,445.0,37.0,108.0,163.0,678.0,631.0,31.0,71.0,5.0,7.0,17.0,94.0,79.0,148.0,9.0,43.0,87.0,272.0,214.0,190.0,87.0,24.0,34.0,,3.0,81.0,26.0,37.0,107.0,29.0,136.0,19.0,10.0,52.0,17.0,38.0,301.0,24.0,65.0,5.0,71.0,161.0,21.0,253.0,94.0,347.0,10.0,42.0,31.0,11.0,52.0,14.0,25.0,43.0,4.0,27.0,7.0,95.0,8.0,31.0,59.0,130.0,,7.0,11.0,214.0,17.0,5.0,86.0,,27.0,42.0,,,32.0,,1.0,9.0,42.0,30.0,1.0,2.0,1.0,1.0,584.0,272.0,249.0,15.0,0.5297029702970297,0.5783783783783784,0.7837837837837838,0.3425925925925926,0.7142857142857143,0.2093023255813953,0.3523809523809524,0.4539325842696629,0.4366197183098591,0.5337837837837838,0.4656419529837251,0.4935897435897436,0.4842931937172774,0.5184899845916795,0.5222222222222223,0.5551020408163265,0.1952983725135623,0.0831460674157303,0.1173184357541899,0.1192660550458715,0.019108280254777,0.5473684210526316,0.7777777777777778,0.25,0.7030567685589519,0.2708333333333333,0.7634408602150538,0.3582089552238806,0.7204968944099379,0.2899022801302932,0.32,0.2575757575757575,0.2424242424242424,0.3333333333333333,0.4615384615384615,0.6351351351351351,0.7014925373134329,0.7613636363636364,0.7746478873239436,0.7272727272727273,0.037037037037037,91.87112030741945,0.7142857142857143,15.40552995391705,15.945652173913045,14.585253456221198,15.093167701863354,0.3236889692585895,0.5810055865921788,0.6582278481012658,0.5,0.1971066907775768,0.3944954128440367,0.4479166666666667,0.3953488372093023,0.2839059674502712,0.3503184713375796,0.3571428571428571,0.6909090909090909,0.0433996383363472,0.4583333333333333,0.4583333333333333,0.9090909090909092,0.1518987341772152,0.3095238095238095,0.3095238095238095,0.7307692307692307,0.5897435897435898,0.4347826086956521,0.05,0.0128205128205128,1.0,1.0,0.0769230769230769,0.6666666666666666,0.75,0.3717277486910995,0.6338028169014085,0.06282722513089,0.3333333333333333,0.1623036649214659,0.1612903225806451,0.5189873417721519,0.3209876543209876,0.4818471818181817,0.50038046875,0.4980101063829787,0.1382636655948553,0.1673151750972762,,0.1386430678466076,0.4011799410029498,8.444494382022475,26.24166666666666,0.3824884792626728,True,,,,,,101115,1610612747,2006,2005-06,True,174.0,17.0,0.38698010849909587,14.656874845717107,1.0,14.0,25.0,,,,,,,0.4899775105113914,0.3329730898087107,15.70759679882952,0.5322144065932586,0.3030507820042479,-0.02433555752766625,0.054007018690385156,-1.0507219531124132,-0.013724422001579084,-0.013148501873954721
217962.0,3633.0,-252.0,6884.0,6911.0,2005.0,2167.0,844.0,13795.0,1165.0,1953.0,247.0,425.0,326.0,563.0,408.0,1070.0,696.0,1737.0,116.0,323.0,14.0,34.0,34.0,94.0,321.0,911.0,39.0,91.0,102.0,294.0,2269.0,4760.0,437.0,1234.0,1422.0,7271.0,7523.0,343.0,650.0,53.0,125.0,149.0,994.0,587.0,1233.0,136.0,388.0,638.0,2220.0,2460.0,2078.0,1092.0,219.0,392.0,,20.0,891.0,321.0,300.0,1230.0,364.0,1594.0,254.0,110.0,619.0,170.0,441.0,3552.0,206.0,740.0,27.0,611.0,1585.0,207.0,2403.0,973.0,3376.0,105.0,494.0,273.0,221.0,576.0,106.0,321.0,487.0,50.0,255.0,62.0,1063.0,98.0,285.0,789.0,1795.0,1.0,102.0,145.0,1909.0,162.0,79.0,720.0,10.0,264.0,306.0,6.0,6.0,223.0,,19.0,64.0,312.0,163.0,16.0,5.0,10.0,6.0,6277.0,2220.0,2005.0,268.0,0.5420890260026443,0.5933429811866859,0.8329519450800915,0.3541329011345219,0.424,0.3505154639175257,0.3599670510708402,0.4766806722689076,0.5276923076923077,0.4760746147607461,0.4879045712379046,0.5451612903225806,0.4879703886489821,0.5278429073856975,0.5701149425287356,0.5464019851116625,0.2058725392058725,0.0630252100840336,0.1065028161802355,0.0691588785046729,0.0103626943005181,0.541862652869238,0.8483606557377049,0.1221719457013574,0.6802575107296137,0.3009353395689305,0.6990846681922197,0.2750333778371162,0.6853932584269663,0.2948877805486284,0.381562099871959,0.2935779816513761,0.244140625,0.2773722627737226,0.2686567164179104,0.5776315789473684,0.7068676716917923,0.7440904419321686,0.7046413502109705,0.6748466257668712,0.0362068965517241,91.13882236353126,0.5224358974358975,15.972109238814642,15.628707857039505,15.209761766414877,14.795253942989437,0.3258258258258258,0.5965181771633384,0.667621776504298,0.5313304721030043,0.1785118451785118,0.3813084112149533,0.4096385542168674,0.4166666666666667,0.2897897897897898,0.4006908462867012,0.4048865619546248,0.6336206896551724,0.0538872205538872,0.3591331269349845,0.3625,0.9482758620689656,0.1519853186519853,0.3523600439077936,0.3562708102108768,0.7912772585669782,0.5483870967741935,0.5811764705882353,0.1619433198380566,0.0438709677419354,0.4117647058823529,0.9285714285714286,0.1174193548387096,0.4285714285714285,0.8205128205128205,0.3473164713140037,0.5790408525754884,0.0579888957433682,0.3617021276595745,0.1813695249845774,0.3469387755102041,0.5316983650316983,0.3602693602693603,0.4822879249706919,0.5085677067082686,0.4798137414116177,0.111280487804878,0.1353892440767205,0.0080515297906602,0.1367074680236556,0.305322514097098,8.710672268907562,25.54935170178282,0.291255084253341,False,13.0,2.0,0.0105348460291734,0.0092879256965944,0.0109769484083424,101115,1610612747,2006,2005-06,True,1719.0,171.0,0.31848515181848513,15.35248614954448,22.0,141.0,238.0,,,,,,,0.4899775105113914,0.3329730898087107,15.70759679882952,0.5322144065932586,0.3030507820042479,-0.0020729392734867846,-0.014487937990225574,-0.35511064928503977,-0.00437149920756108,-0.00816300145561949
107618.0,1794.0,114.0,3475.0,3470.0,842.0,839.0,428.0,6945.0,616.0,1047.0,120.0,226.0,149.0,264.0,238.0,596.0,329.0,808.0,71.0,168.0,9.0,20.0,17.0,38.0,157.0,484.0,14.0,47.0,50.0,141.0,1183.0,2451.0,228.0,652.0,719.0,3769.0,3655.0,172.0,356.0,23.0,67.0,103.0,516.0,241.0,533.0,67.0,179.0,247.0,930.0,1254.0,1112.0,585.0,99.0,204.0,,4.0,480.0,157.0,196.0,627.0,195.0,822.0,130.0,65.0,336.0,102.0,189.0,1839.0,104.0,395.0,18.0,320.0,805.0,90.0,1215.0,517.0,1732.0,62.0,314.0,202.0,112.0,247.0,50.0,150.0,244.0,16.0,97.0,58.0,491.0,30.0,120.0,406.0,782.0,3.0,46.0,56.0,980.0,83.0,39.0,430.0,5.0,80.0,181.0,2.0,2.0,139.0,,3.0,39.0,183.0,113.0,5.0,2.0,10.0,6.0,3253.0,930.0,842.0,81.0,0.5300084530853761,0.580018501387604,0.8552631578947368,0.3496932515337423,0.3432835820895522,0.3743016759776536,0.3518518518518518,0.4826601387188902,0.4831460674157303,0.4521575984990619,0.4914598775378666,0.4881796690307328,0.4796348314606741,0.5298866855524079,0.5267489711934157,0.5335260115606937,0.2101192394456977,0.0799673602611179,0.1260744985673352,0.0956375838926174,0.0086633663366336,0.5030549898167006,0.8653846153846154,0.1621621621621621,0.7117595048629531,0.3137410643367752,0.7655502392344498,0.2574257425742574,0.7262750161394448,0.3000601322910403,0.4116279069767442,0.3033707865168539,0.2325581395348837,0.2491909385113268,0.2842105263157894,0.6380208333333334,0.7675840978593272,0.7357142857142858,0.7636363636363637,0.7727272727272727,0.0422919508867667,92.9286922262075,0.6174863387978142,15.357122302158274,15.63458213256484,14.515971223021582,15.005187319884726,0.337415404447309,0.5883476599808978,0.673224043715847,0.5454545454545454,0.1920721882049629,0.3993288590604026,0.4415584415584415,0.4285714285714285,0.2603931679020303,0.4071782178217821,0.4107365792759051,0.574468085106383,0.0541411537222043,0.4226190476190476,0.4251497005988024,0.9154929577464788,0.1559780857234934,0.3243801652892562,0.3257261410788382,0.8280254777070064,0.5342789598108747,0.5309734513274337,0.1083333333333333,0.0472813238770685,0.45,0.6666666666666666,0.1111111111111111,0.2978723404255319,0.8571428571428571,0.3707865168539326,0.5643939393939394,0.0533707865168539,0.4473684210526316,0.1980337078651685,0.3546099290780142,0.5475346438930068,0.3270833333333333,0.4939348401679044,0.5092966858789626,0.493157223796034,0.1260869565217391,0.1536812008577555,0.0076687116564417,0.1369063412045635,0.246749801008225,8.172501019991838,25.20536809815951,0.2423021582733813,True,3.0,5.0,0.004601226993865,0.0059523809523809,0.0041322314049586,101115,1610612747,2007,2006-07,True,824.0,91.0,0.31582339671285853,13.995781312353914,7.0,55.0,74.0,,,,,,,0.4963635807254478,0.3271706311967032,16.236592642784146,0.5384369780921505,0.3009003271285065,-0.00490370318758121,-0.01134723448384467,-2.2408113304302315,-0.008550292539742599,-0.0008401948374662238
132742.0,2212.0,-108.0,4324.0,4348.0,1429.0,1590.0,513.0,8672.0,786.0,1304.0,153.0,255.0,237.0,408.0,257.0,645.0,348.0,857.0,75.0,183.0,10.0,25.0,31.0,65.0,220.0,627.0,19.0,52.0,69.0,235.0,1391.0,2806.0,295.0,810.0,1044.0,4711.0,4819.0,219.0,390.0,29.0,77.0,123.0,648.0,390.0,796.0,100.0,300.0,529.0,1609.0,1434.0,1348.0,777.0,108.0,250.0,1.0,19.0,607.0,219.0,216.0,717.0,259.0,976.0,184.0,75.0,414.0,93.0,210.0,2211.0,126.0,453.0,21.0,463.0,863.0,153.0,1479.0,600.0,2079.0,69.0,335.0,205.0,130.0,353.0,71.0,222.0,364.0,30.0,131.0,72.0,717.0,59.0,221.0,508.0,1134.0,2.0,63.0,103.0,1340.0,88.0,52.0,499.0,9.0,180.0,218.0,8.0,4.0,155.0,4.0,15.0,48.0,226.0,126.0,16.0,3.0,23.0,13.0,4063.0,1609.0,1429.0,170.0,0.5154565061107117,0.566350710900474,0.8779661016949153,0.3641975308641975,0.3766233766233766,0.3333333333333333,0.3716814159292035,0.4957234497505345,0.5615384615384615,0.4899497487437186,0.5070519911504425,0.5620985010706638,0.4927007299270073,0.5540123456790124,0.5962962962962963,0.5647100424328148,0.224004424778761,0.0769779044903777,0.1319018404907975,0.0589147286821705,0.0070011668611435,0.4923291492329149,0.8181818181818182,0.1337579617834395,0.6731669266770671,0.3244985673352435,0.734920634920635,0.266384778012685,0.6935146443514645,0.3097913322632424,0.3992172211350293,0.2919896640826873,0.2730923694779116,0.2684931506849315,0.2592592592592592,0.5681818181818182,0.7019230769230769,0.7592592592592593,0.7289915966386554,0.7532467532467533,0.0416918429003021,94.0748218348375,0.5575221238938053,15.114477335800183,15.498390064397425,14.396854764107308,14.755979760809568,0.3606194690265487,0.602760736196319,0.6943462897526502,0.5267175572519084,0.1783738938053097,0.3984496124031008,0.4233937397034596,0.3618677042801556,0.2370022123893805,0.4060676779463243,0.408930669800235,0.603448275862069,0.050608407079646,0.4098360655737705,0.412087912087912,1.0,0.173396017699115,0.3508771929824561,0.3536977491961415,0.8363636363636363,0.5460385438972163,0.6,0.1699346405228758,0.0535331905781584,0.4,1.0,0.1113490364025695,0.3653846153846153,0.9473684210526316,0.3722627737226277,0.5808823529411765,0.0593065693430656,0.4769230769230769,0.2144160583941605,0.2936170212765957,0.5846238938053098,0.3607907742998352,0.4928832451989978,0.5061502638522425,0.4913483720930234,0.1259920634920635,0.1551134597451041,0.011042944785276,0.1375504139248567,0.3415410740819359,7.641910192444762,26.019506172839503,0.3304810360777058,False,6.0,4.0,0.0074074074074074,0.0054644808743169,0.0079744816586921,101115,1610612747,2007,2006-07,True,1063.0,81.0,0.37057522123893805,16.587239161615692,13.0,59.0,166.0,,,,,,,0.4963635807254478,0.3271706311967032,16.236592642784146,0.5384369780921505,0.3009003271285065,0.010688410424994743,0.04340459004223485,0.35064651883154596,0.015575367586861844,0.008891005134735896
60498.0,1008.0,-238.0,2038.0,2047.0,530.0,640.0,247.0,4085.0,326.0,589.0,72.0,135.0,84.0,163.0,127.0,338.0,216.0,512.0,31.0,90.0,1.0,7.0,11.0,25.0,97.0,280.0,6.0,30.0,27.0,94.0,669.0,1439.0,128.0,370.0,387.0,2109.0,2347.0,103.0,203.0,7.0,37.0,50.0,277.0,150.0,336.0,38.0,119.0,157.0,571.0,730.0,608.0,327.0,57.0,106.0,,7.0,273.0,97.0,126.0,365.0,109.0,474.0,80.0,29.0,188.0,51.0,126.0,1057.0,49.0,233.0,10.0,193.0,409.0,65.0,667.0,292.0,959.0,28.0,172.0,109.0,63.0,164.0,31.0,102.0,124.0,16.0,62.0,23.0,288.0,15.0,79.0,270.0,489.0,,18.0,31.0,528.0,38.0,14.0,215.0,2.0,58.0,88.0,3.0,3.0,66.0,,4.0,18.0,91.0,51.0,7.0,1.0,4.0,3.0,1832.0,571.0,530.0,59.0,0.5455904334828101,0.5925324675324676,0.8515625,0.3459459459459459,0.1891891891891892,0.3193277310924369,0.3526170798898072,0.4649061848505907,0.5073891625615764,0.4464285714285714,0.4759535655058043,0.4729166666666666,0.4549450549450549,0.5131964809384164,0.5036496350364964,0.5172413793103449,0.2045328911000553,0.0875608061153578,0.1477079796264855,0.1124260355029585,0.001953125,0.5694444444444444,0.8441558441558441,0.1388888888888889,0.6586151368760065,0.304177545691906,0.7689243027888446,0.2121212121212121,0.6903669724770642,0.2828485456369107,0.3778625954198473,0.3317535545023696,0.2184300341296928,0.2034883720930232,0.2372881355932203,0.5964912280701754,0.6329113924050633,0.7361702127659574,0.7795698924731183,0.7384615384615385,0.0322209436133486,97.23296637905386,0.5604395604395604,15.286555446516193,14.335124572545189,14.51766437684004,13.639472398632144,0.3255942509673853,0.5534804753820034,0.649402390438247,0.5766871165644172,0.1868435599778883,0.3757396449704142,0.4233333333333333,0.4015748031496063,0.2830292979546711,0.421875,0.4227005870841487,0.5833333333333334,0.0497512437810945,0.3444444444444444,0.3444444444444444,0.935483870967742,0.1547816473189607,0.3464285714285714,0.3489208633093525,0.8247422680412371,0.5625,0.5333333333333333,0.1805555555555555,0.0291666666666666,0.1428571428571428,,0.125,0.2,1.0,0.3582417582417582,0.5153374233128835,0.0549450549450549,0.44,0.2065934065934065,0.2872340425531915,0.5301271420674406,0.3553113553113553,0.4936234461709212,0.514043932038835,0.4980908482142854,0.1091549295774647,0.1330445544554455,0.0053763440860215,0.1313418681839734,0.2707444286391655,8.741139680333564,25.60216216216216,0.2600588812561334,True,2.0,,0.0054054054054054,,0.0071428571428571,101115,1610612747,2008,2007-08,True,445.0,31.0,0.29187396351575456,14.136218168967076,5.0,21.0,50.0,,,,,,,0.4974089904788504,0.3060483488860405,15.111069560276103,0.5373365987926009,0.2966688328200492,-0.02145542497304609,-0.014174385370285925,-0.9748513913090271,-0.024140117854184462,-0.013820287183138491
176862.0,2948.0,-357.0,5839.0,5837.0,1507.0,1636.0,745.0,11676.0,996.0,1730.0,232.0,393.0,229.0,415.0,342.0,907.0,566.0,1415.0,127.0,318.0,12.0,33.0,21.0,74.0,299.0,843.0,27.0,67.0,81.0,250.0,1904.0,4052.0,426.0,1161.0,1114.0,6200.0,6557.0,323.0,590.0,39.0,100.0,143.0,906.0,425.0,929.0,102.0,324.0,468.0,1624.0,1910.0,1898.0,1092.0,186.0,374.0,1.0,23.0,819.0,298.0,301.0,955.0,364.0,1319.0,237.0,127.0,504.0,118.0,333.0,3002.0,183.0,653.0,24.0,554.0,1309.0,173.0,2036.0,860.0,2896.0,113.0,462.0,298.0,164.0,490.0,75.0,306.0,390.0,46.0,184.0,55.0,880.0,84.0,205.0,708.0,1361.0,5.0,85.0,121.0,1467.0,127.0,53.0,580.0,17.0,173.0,273.0,4.0,3.0,199.0,1.0,15.0,59.0,277.0,166.0,15.0,3.0,8.0,13.0,5294.0,1624.0,1507.0,155.0,0.5015756302521008,0.5562026790914385,0.8544600938967136,0.3669250645994832,0.39,0.3148148148148148,0.3734622144112478,0.4698914116485686,0.5474576271186441,0.4574811625403659,0.4878189142528294,0.5528985507246377,0.461292897047087,0.5263247863247863,0.5803108808290155,0.5240415854450943,0.2227124496451179,0.074284304047384,0.1283236994219653,0.0705622932745314,0.0106007067137809,0.5568181818181818,0.8737373737373737,0.135593220338983,0.7121871599564744,0.3071495766698024,0.7066326530612245,0.2659883720930232,0.7105263157894737,0.2970859985785359,0.3909465020576131,0.3126110124333925,0.2302158273381295,0.2654690618762475,0.267379679144385,0.6339144215530903,0.7164835164835165,0.7752659574468085,0.7158081705150977,0.6832579185520362,0.0450917797286512,95.06530515317029,0.5992779783393501,15.42661414625792,14.86825424019188,14.682651138893648,14.138598595168752,0.3318626510646461,0.5757225433526012,0.6604774535809018,0.5060240963855421,0.1739881066564358,0.3770672546857773,0.4056939501779359,0.3450292397660818,0.2714367926338001,0.4,0.4042857142857143,0.588339222614841,0.061001342796854,0.3993710691823899,0.4044585987261146,1.0,0.1617111068482639,0.3546856465005931,0.3568019093078759,0.7926421404682275,0.5695652173913044,0.5903307888040712,0.1336206896551724,0.0478260869565217,0.3636363636363636,1.0,0.0971014492753623,0.4029850746268656,0.9629629629629628,0.3312051077414206,0.5518072289156627,0.0590582601755786,0.2837837837837837,0.1995211492418196,0.324,0.554575100709764,0.3638583638583638,0.4922307135969139,0.5192009548611115,0.4803300895765474,0.1051611766778227,0.1287458379578246,0.0145051194539249,0.1461290322580645,0.2619354838709677,8.445730503455081,25.55503875968992,0.2580921390649083,False,9.0,6.0,0.0077519379844961,0.0125786163522012,0.0059311981020166,101115,1610612747,2008,2007-08,True,1244.0,95.0,0.28141185497793975,14.969856153291328,18.0,70.0,163.0,,,,,,,0.4974089904788504,0.3060483488860405,15.111069560276103,0.5373365987926009,0.2966688328200492,-0.009590076226020983,-0.024636493908100743,-0.14121340698477525,-0.011011812467814575,0.000417165758486715
86771.0,1446.0,-235.0,2802.0,2812.0,421.0,578.0,329.0,5614.0,504.0,849.0,99.0,177.0,65.0,112.0,148.0,390.0,266.0,685.0,71.0,187.0,6.0,18.0,12.0,31.0,140.0,405.0,14.0,40.0,24.0,61.0,918.0,1924.0,211.0,592.0,454.0,2923.0,3158.0,130.0,264.0,20.0,58.0,61.0,381.0,126.0,248.0,36.0,92.0,111.0,471.0,1058.0,778.0,561.0,72.0,124.0,,3.0,402.0,140.0,158.0,529.0,187.0,716.0,119.0,68.0,306.0,62.0,161.0,1619.0,105.0,286.0,8.0,202.0,687.0,69.0,958.0,399.0,1357.0,44.0,253.0,173.0,80.0,237.0,58.0,148.0,204.0,26.0,89.0,29.0,441.0,35.0,64.0,337.0,644.0,,44.0,48.0,614.0,51.0,24.0,272.0,4.0,44.0,140.0,3.0,3.0,94.0,,2.0,44.0,143.0,77.0,9.0,2.0,4.0,5.0,2542.0,471.0,421.0,39.0,0.5762527233115469,0.6179906542056075,0.8862559241706162,0.3564189189189189,0.3448275862068966,0.391304347826087,0.3582342954159592,0.4771309771309771,0.4924242424242424,0.5080645161290323,0.4906597774244833,0.4968944099378882,0.5294117647058824,0.5211925287356322,0.5263157894736842,0.5735294117647058,0.2352941176470588,0.0821205821205821,0.1295641931684334,0.0743589743589743,0.0277372262773722,0.5374149659863946,0.8518518518518519,0.1025641025641025,0.6856287425149701,0.2868605817452357,0.6941580756013745,0.2837837837837837,0.6875483372003094,0.2860277980980248,0.3546511627906977,0.2970711297071129,0.2246376811594203,0.2745098039215686,0.3043478260869565,0.5805471124620061,0.6902654867256637,0.7844311377245509,0.671875,0.7373737373737373,0.0365752285951787,93.16661096449276,0.5384615384615384,15.815845824411134,15.097795163584635,15.027480371163454,14.409672830725462,0.3374403815580286,0.5936395759717314,0.6820027063599459,0.6071428571428571,0.1550079491255961,0.3794871794871794,0.4099722991689751,0.4189189189189189,0.2722575516693163,0.3883211678832117,0.3993993993993994,0.6052631578947368,0.0743243243243243,0.3796791443850267,0.3944444444444444,0.9577464788732394,0.1609697933227345,0.345679012345679,0.3491271820448878,0.85,0.5496894409937888,0.559322033898305,0.2424242424242424,0.0559006211180124,0.3333333333333333,1.0,0.124223602484472,0.35,0.9285714285714286,0.3294117647058823,0.5803571428571429,0.0911764705882352,0.3870967741935484,0.1794117647058823,0.3934426229508196,0.5727344992050875,0.3482587064676617,0.506378477481068,0.5234275303643725,0.504078402366864,0.1007299270072992,0.1268065268065268,0.0067226890756302,0.1303455354088265,0.1611358193636674,8.411226611226612,25.10101351351351,0.1502498215560314,True,11.0,1.0,0.018581081081081,0.0374331550802139,0.0098765432098765,101115,1610612747,2009,2008-09,True,599.0,46.0,0.24403815580286167,15.593177189409369,10.0,25.0,39.0,,,,,,,0.4997940257417585,0.3056858942799441,15.12868583188846,0.5414969844948531,0.2971013113568451,-0.009134248317275218,-0.06164773847708241,0.46449135752090953,-0.020304455759220907,-0.011073513258820278
150589.0,2510.0,-393.0,4980.0,4983.0,1880.0,1799.0,629.0,9963.0,898.0,1517.0,199.0,349.0,340.0,538.0,226.0,588.0,422.0,1096.0,145.0,382.0,10.0,33.0,40.0,128.0,230.0,726.0,14.0,57.0,101.0,312.0,1546.0,3201.0,375.0,1108.0,1000.0,5217.0,5610.0,264.0,506.0,24.0,90.0,116.0,716.0,562.0,1116.0,141.0,440.0,533.0,2080.0,1636.0,1456.0,960.0,165.0,334.0,,11.0,715.0,230.0,239.0,818.0,320.0,1138.0,183.0,137.0,478.0,91.0,249.0,2596.0,186.0,519.0,22.0,444.0,1097.0,133.0,1674.0,727.0,2401.0,92.0,382.0,273.0,109.0,481.0,75.0,308.0,353.0,38.0,173.0,47.0,834.0,71.0,282.0,551.0,1172.0,1.0,72.0,83.0,1317.0,123.0,38.0,510.0,12.0,176.0,244.0,5.0,2.0,179.0,3.0,11.0,54.0,249.0,139.0,13.0,1.0,14.0,9.0,4501.0,2080.0,1880.0,191.0,0.5291073738680466,0.593183466279913,0.8533333333333334,0.3384476534296028,0.2666666666666666,0.3204545454545454,0.3418413855970829,0.4829740706029365,0.5217391304347826,0.503584229390681,0.4893246692968206,0.5033557046979866,0.4971079691516709,0.5312371978697256,0.5385196374622356,0.5526737967914439,0.2571362265026688,0.0746641674476726,0.1212920237310481,0.0527210884353741,0.0218978102189781,0.5767386091127098,0.8525641025641025,0.1392405063291139,0.656493117893477,0.3189920098340504,0.6970172684458399,0.26878612716763,0.6676776429809359,0.3040103492884864,0.4016260162601626,0.3174157303370786,0.2423780487804878,0.2510917030567685,0.3034188034188034,0.5432780847145487,0.6877551020408164,0.7288401253918495,0.6952789699570815,0.7017543859649122,0.0443373493975903,95.27070370345776,0.5582329317269076,15.36847389558233,14.861328516957656,14.623092369477911,14.076058599237408,0.3520538407983291,0.5919578114700066,0.673668417104276,0.532293986636971,0.1364585750754235,0.3843537414965986,0.4057450628366247,0.4026548672566372,0.2543513576235786,0.3850364963503649,0.3936567164179104,0.590047393364929,0.0886516593177071,0.3795811518324607,0.3866666666666666,0.9448275862068966,0.1684845671849617,0.3168044077134986,0.319001386962552,0.7956521739130434,0.5855704697986577,0.5702005730659025,0.1457286432160804,0.0553691275167785,0.303030303030303,0.8,0.0956375838926174,0.2456140350877192,0.9285714285714286,0.345758354755784,0.6319702602230484,0.0822622107969151,0.3125,0.2005141388174807,0.3237179487179487,0.6091900673009979,0.3216783216783216,0.5045548567435361,0.5261325159914712,0.4989868284789644,0.1109222269443264,0.1421404682274247,0.0107334525939177,0.1372436266053287,0.3986965689093348,8.055732583567632,25.27012635379062,0.3775100401606425,False,12.0,2.0,0.0108303249097472,0.0183246073298429,0.0068870523415977,101115,1610612747,2009,2008-09,True,1097.0,65.0,0.3056393594801578,16.695092363496602,21.0,67.0,164.0,,,,,,,0.4997940257417585,0.3056858942799441,15.12868583188846,0.5414969844948531,0.2971013113568451,-0.010469356444937905,-4.6534799786279724e-05,1.566406531608143,-0.010259786625127498,0.006909037931641326
118631.0,1977.0,-276.0,3793.0,3812.0,563.0,829.0,439.0,7605.0,665.0,1065.0,132.0,241.0,95.0,153.0,241.0,632.0,369.0,956.0,67.0,189.0,10.0,21.0,8.0,24.0,188.0,573.0,15.0,54.0,23.0,81.0,1275.0,2653.0,255.0,762.0,632.0,3947.0,4223.0,176.0,361.0,25.0,75.0,71.0,498.0,167.0,349.0,31.0,105.0,158.0,585.0,1422.0,1128.0,669.0,96.0,202.0,,4.0,569.0,188.0,177.0,711.0,223.0,934.0,159.0,64.0,392.0,90.0,229.0,2091.0,115.0,396.0,9.0,315.0,927.0,87.0,1329.0,520.0,1849.0,69.0,282.0,183.0,99.0,324.0,63.0,207.0,245.0,28.0,117.0,35.0,569.0,38.0,92.0,451.0,834.0,3.0,45.0,59.0,823.0,65.0,40.0,344.0,11.0,66.0,192.0,4.0,3.0,136.0,1.0,9.0,47.0,196.0,108.0,5.0,5.0,9.0,7.0,3449.0,585.0,563.0,59.0,0.5576470588235294,0.6056218057921635,0.8745098039215686,0.3346456692913386,0.3333333333333333,0.2952380952380952,0.3364116094986807,0.4805880135695439,0.4875346260387811,0.4785100286532951,0.4853587115666178,0.4896788990825688,0.4702643171806167,0.5191032104006368,0.5188284518828452,0.5338827838827839,0.2231332357247437,0.0667169242367131,0.0985915492957746,0.0917721518987341,0.0146443514644351,0.5694200351493849,0.8130841121495327,0.1011235955056179,0.687175685693106,0.2896854425749817,0.7175398633257403,0.2346938775510204,0.6946308724832215,0.275175013462574,0.3693467336683417,0.3049095607235142,0.2250859106529209,0.2086720867208672,0.3140495867768595,0.5746102449888641,0.7292110874200426,0.7587006960556845,0.7346938775510204,0.65625,0.0411449016100178,92.31313906145948,0.5510204081632653,15.590297917215924,15.60781741867786,14.846559451621408,14.954092339979011,0.3118594436310395,0.6244131455399061,0.6927083333333334,0.5894736842105263,0.1850658857979502,0.3813291139240506,0.4198606271777003,0.3734439834024896,0.2799414348462665,0.3859832635983263,0.3917197452229299,0.6205962059620597,0.0553440702781844,0.3544973544973545,0.3621621621621622,0.9552238805970148,0.1677891654465593,0.3280977312390924,0.3298245614035088,0.8457446808510638,0.5527522935779816,0.5477178423236515,0.1590909090909091,0.0481651376146789,0.4761904761904761,0.8,0.1238532110091743,0.2777777777777778,1.0,0.3370044052863436,0.6209150326797386,0.052863436123348,0.3333333333333333,0.1784140969162995,0.2839506172839506,0.5349926793557833,0.3304042179261863,0.5018585534037558,0.5317095774647888,0.4912203991130821,0.0958682149608425,0.1173260572987721,0.0142671854734111,0.1261717760324296,0.1482138332911071,8.848058801356956,25.373884514435694,0.1484313208542051,True,7.0,2.0,0.0091863517060367,0.0211640211640211,0.0052356020942408,101115,1610612747,2010,2009-10,True,758.0,85.0,0.24099560761347,14.871462473733182,10.0,53.0,56.0,,,,,,,0.5007288956112026,0.3003696719720979,15.184232284903208,0.5405485672047623,0.2957755819351416,-0.01537018404458479,-0.05937406435862791,-0.31276981117002656,-0.021445356804125515,-0.020600568472567582
119329.0,1989.0,-111.0,3859.0,3847.0,1170.0,1372.0,483.0,7706.0,654.0,1149.0,158.0,280.0,178.0,312.0,253.0,581.0,348.0,872.0,88.0,239.0,9.0,19.0,23.0,58.0,177.0,584.0,16.0,45.0,52.0,200.0,1255.0,2602.0,265.0,823.0,700.0,4005.0,4116.0,205.0,406.0,25.0,64.0,74.0,559.0,333.0,687.0,75.0,258.0,350.0,1241.0,1274.0,1236.0,663.0,132.0,248.0,,11.0,573.0,177.0,209.0,637.0,221.0,858.0,136.0,85.0,326.0,101.0,210.0,1937.0,135.0,410.0,16.0,384.0,893.0,115.0,1392.0,561.0,1953.0,44.0,291.0,194.0,97.0,288.0,67.0,180.0,302.0,31.0,108.0,47.0,590.0,53.0,183.0,417.0,903.0,1.0,69.0,68.0,953.0,80.0,24.0,357.0,12.0,133.0,164.0,3.0,3.0,111.0,,11.0,42.0,167.0,94.0,10.0,4.0,8.0,6.0,3446.0,1241.0,1170.0,130.0,0.5075697211155379,0.5632183908045977,0.8339622641509434,0.3219927095990279,0.390625,0.2906976744186046,0.3263546798029557,0.4823212913143735,0.5049261083743842,0.4847161572052402,0.4824817518248175,0.5159574468085106,0.4714285714285714,0.5176807072282892,0.539651837524178,0.5311418685121108,0.2402919708029197,0.0803228285933897,0.1401218450826805,0.0619621342512908,0.0137614678899082,0.488135593220339,0.8914728682170543,0.1088435374149659,0.6770280515542078,0.3113135914958238,0.7164179104477612,0.2601156069364161,0.6884097035040432,0.2968409586056645,0.4180327868852459,0.2755417956656347,0.2312252964426877,0.2406417112299465,0.3103448275862069,0.5558086560364465,0.703125,0.7641129032258065,0.7125307125307125,0.7286821705426356,0.027027027027027,92.99198015570398,0.562874251497006,15.24591863176989,15.725240447101635,14.507644467478622,15.00649857031453,0.3354744525547445,0.5691906005221932,0.6619433198380567,0.4984709480122324,0.1696350364963503,0.4354561101549053,0.4642201834862385,0.3992094861660079,0.2545985401459854,0.3990825688073394,0.4046511627906977,0.603448275862069,0.0697810218978102,0.3682008368200837,0.3728813559322034,0.9659090909090908,0.1705109489051094,0.3030821917808219,0.3051724137931034,0.768361581920904,0.5957446808510638,0.5642857142857143,0.1645569620253164,0.0404255319148936,0.4736842105263157,1.0,0.0957446808510638,0.3555555555555555,0.875,0.3301587301587301,0.5705128205128205,0.0613756613756613,0.396551724137931,0.2116402116402116,0.26,0.5757664233576643,0.3089005235602094,0.5003709275022017,0.5262756613756613,0.4915133689839572,0.0993805548074333,0.1240013893713094,0.014388489208633,0.1395755305867665,0.3098626716604244,8.230476556495002,25.59829890643985,0.3031873542368489,False,7.0,1.0,0.008505467800729,0.0125523012552301,0.0068493150684931,101115,1610612747,2010,2009-10,True,829.0,74.0,0.27824817518248174,15.23241043859015,13.0,60.0,122.0,,,,,,,0.5007288956112026,0.3003696719720979,15.184232284903208,0.5405485672047623,0.2957755819351416,-0.01824714378638509,-0.02212149678961617,0.04817815368694234,-0.022867859976473115,0.0010653766705229217
90003.0,1500.0,-197.0,2776.0,2777.0,474.0,512.0,340.0,5553.0,451.0,762.0,102.0,185.0,79.0,132.0,156.0,493.0,326.0,735.0,57.0,172.0,6.0,18.0,6.0,30.0,130.0,407.0,10.0,34.0,19.0,70.0,933.0,1990.0,187.0,579.0,416.0,2843.0,3040.0,139.0,276.0,16.0,52.0,57.0,383.0,156.0,328.0,25.0,100.0,105.0,492.0,1030.0,836.0,501.0,60.0,160.0,1.0,4.0,402.0,129.0,177.0,515.0,167.0,682.0,111.0,56.0,261.0,61.0,193.0,1531.0,90.0,303.0,5.0,229.0,682.0,78.0,989.0,398.0,1387.0,47.0,224.0,155.0,69.0,205.0,41.0,113.0,188.0,33.0,92.0,18.0,393.0,33.0,66.0,326.0,629.0,,22.0,41.0,542.0,51.0,31.0,237.0,6.0,36.0,128.0,3.0,2.0,69.0,1.0,14.0,45.0,131.0,83.0,16.0,2.0,7.0,3.0,2460.0,490.0,473.0,52.0,0.5519828510182208,0.6037514654161782,0.893048128342246,0.3229706390328152,0.3076923076923077,0.25,0.3234782608695652,0.4688442211055276,0.5036231884057971,0.4756097560975609,0.4723627870766835,0.4969512195121951,0.4521028037383177,0.5035752592062924,0.532033426183844,0.5010288065843621,0.2253795251070455,0.0889447236180904,0.1220472440944882,0.1359026369168357,0.0231292517006802,0.5216284987277354,0.8478260869565217,0.0925925925925925,0.6719211822660098,0.2885714285714286,0.745928338762215,0.2362204724409448,0.68910741301059,0.2746331236897275,0.4147909967845659,0.2708333333333333,0.205955334987593,0.2556390977443609,0.1913043478260869,0.6213235294117647,0.6647398843930635,0.7128463476070529,0.7638888888888888,0.7032967032967034,0.037420382165605,88.84503849871672,0.6335877862595419,15.847982708933715,16.567879006121714,15.184798270893372,15.85451926539431,0.2966134682755936,0.5918635170603674,0.6741405082212257,0.5787139689578714,0.1919034643830284,0.3164300202839756,0.3661971830985915,0.391025641025641,0.2861035422343324,0.4435374149659864,0.4540389972144846,0.5920245398773006,0.0669521214480342,0.3313953488372093,0.3333333333333333,0.9824561403508772,0.1584274036590112,0.3194103194103194,0.3201970443349753,0.8538461538461538,0.5640243902439024,0.5513513513513514,0.1666666666666666,0.0548780487804878,0.3333333333333333,0.8333333333333334,0.1036585365853658,0.2941176470588235,0.9,0.308411214953271,0.5984848484848485,0.0700934579439252,0.2,0.1635514018691588,0.2714285714285714,0.5219929933826392,0.3208955223880597,0.4990320592823712,0.5336733840304182,0.4877810588235294,0.0880115900036218,0.1089154411764705,0.0102564102564102,0.1347168483995779,0.1730566303200844,9.554924623115577,25.087046632124352,0.1707492795389049,True,2.0,,0.003454231433506,0.005813953488372,0.0024570024570024,101115,1610612747,2011,2010-11,True,556.0,37.0,0.21097703386531724,14.023293654192,8.0,41.0,26.0,17.0,12.0,16.0,22.0,,,0.4983582761899995,0.2999649632113719,15.3048308900423,0.5388082245176379,0.2966665086063825,-0.025995489113316006,-0.08898792934605465,-1.2815372358502994,-0.035232965311345454,-0.02203338491665502
147957.0,2466.0,-304.0,4715.0,4717.0,1309.0,1450.0,650.0,9432.0,800.0,1322.0,193.0,345.0,198.0,340.0,333.0,849.0,384.0,1059.0,115.0,309.0,6.0,26.0,41.0,96.0,256.0,780.0,31.0,84.0,63.0,240.0,1517.0,3230.0,371.0,1089.0,830.0,4977.0,5281.0,263.0,528.0,37.0,110.0,116.0,753.0,368.0,787.0,104.0,336.0,355.0,1403.0,1626.0,1408.0,996.0,117.0,340.0,1.0,19.0,760.0,255.0,230.0,813.0,332.0,1145.0,218.0,114.0,427.0,135.0,251.0,2622.0,186.0,567.0,16.0,402.0,1083.0,132.0,1617.0,769.0,2386.0,102.0,361.0,233.0,128.0,397.0,64.0,223.0,326.0,36.0,174.0,61.0,723.0,68.0,190.0,525.0,1071.0,3.0,53.0,62.0,1086.0,103.0,36.0,424.0,13.0,135.0,233.0,8.0,5.0,126.0,3.0,14.0,93.0,241.0,136.0,18.0,4.0,12.0,11.0,4224.0,1385.0,1298.0,125.0,0.5359261700725115,0.6035634743875279,0.894878706199461,0.3406795224977043,0.3363636363636363,0.3095238095238095,0.3457943925233644,0.4696594427244582,0.4981060606060606,0.4675984752223634,0.4800879833294744,0.4992163009404389,0.4666073018699911,0.5168163776895759,0.5333333333333333,0.5209895052473763,0.2521416994674693,0.0712074303405572,0.1074130105900151,0.0871613663133097,0.0132200188857412,0.5491009681881052,0.9295774647887324,0.123076923076923,0.6660516605166051,0.3355029585798816,0.6836734693877551,0.2767857142857143,0.6707317073170732,0.3187976291278577,0.4085603112840467,0.376953125,0.2469879518072289,0.2665289256198347,0.3031914893617021,0.5650319829424307,0.6774774774774774,0.7342192691029901,0.6729411764705883,0.7116564417177914,0.0479774223894637,91.79748170076442,0.5643153526970954,15.598727465535523,15.774644901420396,14.753340402969249,14.986008055967776,0.3060893725399398,0.6051437216338881,0.6779661016949152,0.53375,0.1965732808520491,0.392226148409894,0.4296774193548387,0.4054054054054054,0.2451956471405418,0.3626062322946176,0.3674641148325359,0.6536458333333334,0.0715443389673535,0.372168284789644,0.3770491803278688,0.991304347826087,0.1805973605001157,0.3282051282051282,0.3320363164721141,0.8515625,0.5407523510971787,0.5594202898550724,0.1398963730569948,0.0407523510971786,0.2307692307692307,1.0,0.1316614420062695,0.369047619047619,0.8709677419354839,0.3027604630454141,0.5823529411764706,0.0854853072128228,0.4270833333333333,0.2137132680320569,0.2625,0.5582310720074091,0.3355263157894737,0.4890962389380528,0.5243801343570055,0.4793641696750902,0.0939380911435941,0.1194029850746268,0.0118074477747502,0.1512959614225437,0.2818967249346996,8.994767801857586,25.61340679522499,0.2776246023329798,False,13.0,1.0,0.0119375573921028,0.0129449838187702,0.0115384615384615,101115,1610612747,2011,2010-11,True,996.0,65.0,0.25144709423477657,15.218361384513054,15.0,78.0,114.0,26.0,27.0,30.0,34.0,,,0.4983582761899995,0.2999649632113719,15.3048308900423,0.5388082245176379,0.2966665086063825,-0.018270292860525117,-0.048517868976595324,-0.08646950552924615,-0.02199184682806199,0.0221311205214752
126715.0,2112.0,-112.0,3955.0,3988.0,610.0,948.0,490.0,7943.0,675.0,1124.0,150.0,271.0,102.0,167.0,264.0,715.0,448.0,1161.0,63.0,176.0,4.0,13.0,10.0,28.0,207.0,601.0,19.0,59.0,40.0,118.0,1387.0,3000.0,270.0,777.0,520.0,4104.0,4216.0,208.0,412.0,23.0,72.0,63.0,548.0,189.0,417.0,50.0,146.0,133.0,661.0,1460.0,1314.0,687.0,123.0,216.0,,4.0,597.0,207.0,227.0,730.0,229.0,959.0,167.0,62.0,372.0,100.0,258.0,2147.0,119.0,445.0,11.0,298.0,931.0,110.0,1339.0,575.0,1914.0,73.0,388.0,243.0,145.0,243.0,64.0,144.0,231.0,30.0,99.0,37.0,474.0,45.0,65.0,455.0,903.0,1.0,43.0,53.0,708.0,70.0,43.0,309.0,5.0,52.0,186.0,7.0,2.0,105.0,5.0,8.0,73.0,193.0,103.0,13.0,3.0,3.0,13.0,3556.0,656.0,607.0,96.0,0.5263157894736842,0.5707584050039093,0.8481481481481481,0.3474903474903475,0.3194444444444444,0.3424657534246575,0.3492884864165588,0.4623333333333333,0.5048543689320388,0.4532374100719424,0.4744506221869208,0.5010330578512396,0.4689165186500888,0.499754480726737,0.5180265654648957,0.5069984447900466,0.2057188244638602,0.0756666666666666,0.1067615658362989,0.1244755244755244,0.0155038759689922,0.5126582278481012,0.859375,0.1170212765957446,0.6621621621621622,0.2777777777777778,0.7163461538461539,0.2458677685950413,0.6745334796926454,0.2703739213806327,0.3699551569506726,0.3071748878923767,0.2014084507042253,0.22911051212938,0.3008849557522124,0.58311345646438,0.6283185840707964,0.7683982683982684,0.7331081081081081,0.675,0.0394168466522678,90.26492522590064,0.533678756476684,15.53400758533502,16.36860581745236,14.75549936788875,15.705616850551657,0.297590680434207,0.6005338078291815,0.6723107569721115,0.5511111111111111,0.1893036801694466,0.3692307692307692,0.4217252396166134,0.3787878787878788,0.3073868149324861,0.3858742463393626,0.3919510061242344,0.5758928571428571,0.0465978289647868,0.3579545454545454,0.3620689655172414,0.984126984126984,0.1591209954990733,0.3444259567387687,0.3508474576271186,0.8067632850241546,0.5599173553719008,0.5535055350553506,0.1733333333333333,0.0268595041322314,0.3076923076923077,1.0,0.1219008264462809,0.3220338983050847,0.8421052631578947,0.2966252220248668,0.6107784431137725,0.0497335701598579,0.3571428571428571,0.2095914742451154,0.3389830508474576,0.5033095048980673,0.3467336683417085,0.4942857502651113,0.5225379606879609,0.4789008912655971,0.078090027356379,0.0953998147576412,0.0063938618925831,0.1335282651072124,0.1610623781676413,9.760699999999998,25.2997425997426,0.1542351453855878,True,13.0,,0.0167310167310167,0.0113636363636363,0.0183028286189683,101115,1610612747,2012,2011-12,True,669.0,48.0,0.187450357426529,11.887087713666638,8.0,56.0,41.0,18.0,7.0,7.0,19.0,,,0.4872972553884323,0.2757698868041557,15.785716770202097,0.5243304559539619,0.3003708993733874,-0.012846633201511526,-0.08831952937762672,-3.8986290565354587,-0.024575975227224878,-0.029996977992754692
66065.0,1101.0,18.0,2113.0,2072.0,515.0,627.0,258.0,4185.0,357.0,584.0,76.0,141.0,74.0,128.0,132.0,371.0,173.0,474.0,52.0,140.0,2.0,10.0,13.0,33.0,121.0,357.0,11.0,25.0,35.0,107.0,662.0,1429.0,173.0,497.0,381.0,2224.0,2206.0,100.0,212.0,13.0,35.0,54.0,293.0,138.0,293.0,48.0,140.0,153.0,573.0,672.0,652.0,453.0,66.0,114.0,,4.0,353.0,121.0,104.0,336.0,151.0,487.0,101.0,50.0,194.0,42.0,100.0,1125.0,62.0,232.0,10.0,214.0,472.0,44.0,730.0,304.0,1034.0,39.0,168.0,104.0,64.0,147.0,31.0,78.0,124.0,12.0,69.0,18.0,271.0,22.0,56.0,200.0,429.0,,31.0,22.0,507.0,38.0,20.0,201.0,,62.0,106.0,3.0,1.0,65.0,2.0,6.0,35.0,109.0,53.0,10.0,3.0,,12.0,1931.0,566.0,509.0,54.0,0.5075528700906344,0.5553719008264463,0.8728323699421965,0.3480885311871227,0.3714285714285714,0.3428571428571428,0.3509127789046653,0.4632610216934919,0.4716981132075472,0.4709897610921502,0.4784527518172378,0.4838056680161943,0.4849884526558891,0.5137145513714552,0.5176678445229682,0.5348399246704332,0.2580477673935618,0.072778166550035,0.0958904109589041,0.1132075471698113,0.0126582278481012,0.5424354243542435,0.7857142857142857,0.1724137931034483,0.6685552407932012,0.3068783068783068,0.7561837455830389,0.2066666666666666,0.6936299292214358,0.2784090909090909,0.3928571428571428,0.3574468085106383,0.202020202020202,0.1915887850467289,0.2441860465116279,0.5939086294416244,0.6794258373205742,0.71,0.7309644670050761,0.813953488372093,0.041182682154171,91.21925376523122,0.4862385321100917,15.209654519640322,16.37403474903475,14.475153809749171,15.565637065637066,0.3032191069574247,0.6113013698630136,0.6761363636363636,0.5434173669467787,0.1926272066458982,0.3557951482479784,0.4012158054711246,0.3181818181818182,0.2461059190031152,0.3649789029535865,0.3696581196581197,0.5780346820809249,0.0726895119418483,0.3714285714285714,0.3741007194244604,0.9615384615384616,0.1853582554517134,0.3389355742296919,0.3447293447293447,0.8347107438016529,0.5708502024291497,0.5390070921985816,0.1973684210526315,0.0404858299595141,0.2,1.0,0.1012145748987854,0.44,0.9090909090909092,0.2956120092378753,0.578125,0.0762124711316397,0.3939393939393939,0.2471131639722864,0.3271028037383177,0.5612668743509865,0.3427762039660056,0.4953963802083336,0.5194287081339712,0.4835160465116278,0.096218286261369,0.1262562814070351,,0.1317446043165467,0.2576438848920863,8.977466759972003,25.41006036217304,0.2437292948414576,False,7.0,,0.0140845070422535,0.0071428571428571,0.0168067226890756,101115,1610612747,2012,2011-12,True,435.0,26.0,0.2632398753894081,12.806699179615137,6.0,36.0,52.0,13.0,6.0,10.0,11.0,,,0.4872972553884323,0.2757698868041557,15.785716770202097,0.5243304559539619,0.3003708993733874,-0.00884450357119454,-0.012530011414747633,-2.9790175905869596,-0.010615904582506719,-0.021961808464296517
28797.0,480.0,127.0,931.0,933.0,163.0,125.0,118.0,1864.0,171.0,275.0,29.0,54.0,26.0,46.0,70.0,178.0,88.0,214.0,18.0,51.0,,5.0,2.0,5.0,57.0,157.0,8.0,17.0,13.0,30.0,329.0,667.0,75.0,208.0,145.0,1028.0,901.0,45.0,105.0,8.0,22.0,16.0,130.0,54.0,111.0,15.0,35.0,40.0,193.0,412.0,246.0,201.0,24.0,46.0,,2.0,155.0,57.0,56.0,206.0,67.0,273.0,50.0,17.0,115.0,33.0,58.0,613.0,36.0,107.0,4.0,70.0,279.0,20.0,369.0,147.0,516.0,13.0,79.0,57.0,22.0,70.0,17.0,40.0,63.0,11.0,30.0,9.0,133.0,10.0,23.0,84.0,162.0,,12.0,8.0,192.0,26.0,10.0,88.0,1.0,15.0,50.0,3.0,2.0,31.0,1.0,3.0,16.0,53.0,38.0,1.0,2.0,1.0,4.0,898.0,193.0,163.0,6.0,0.6261398176291794,0.673202614379085,0.8933333333333333,0.3605769230769231,0.3636363636363636,0.4285714285714285,0.3640776699029126,0.4932533733133433,0.4285714285714285,0.4864864864864865,0.5045714285714286,0.4488188976377952,0.523972602739726,0.5362014690451207,0.4710144927536231,0.5714285714285714,0.2377142857142857,0.0839580209895052,0.1272727272727272,0.095505617977528,0.0186915887850467,0.5263157894736842,0.9090909090909092,0.1818181818181818,0.7380952380952381,0.3213213213213213,0.6140350877192983,0.2790697674418604,0.709349593495935,0.3095238095238095,0.4117647058823529,0.3142857142857143,0.2539682539682539,0.28125,0.2727272727272727,0.6754385964912281,0.7171052631578947,0.8303571428571429,0.6455696202531646,0.5428571428571428,0.0317848410757946,93.2097093447234,0.7169811320754716,14.871106337271751,16.025723472668812,13.874328678839955,15.242229367631296,0.3142857142857143,0.6218181818181818,0.7125,0.672514619883041,0.2034285714285714,0.3932584269662921,0.4347826086956521,0.4714285714285714,0.2445714285714285,0.411214953271028,0.419047619047619,0.6590909090909091,0.0582857142857142,0.3529411764705882,0.36,0.9444444444444444,0.1794285714285714,0.3630573248407643,0.3630573248407643,0.8771929824561403,0.4251968503937008,0.5370370370370371,0.2413793103448276,0.0393700787401574,,,0.1338582677165354,0.4705882352941176,0.875,0.3150684931506849,0.5652173913043478,0.0342465753424657,0.4,0.2054794520547945,0.4333333333333333,0.552,0.3677419354838709,0.5216824169530354,0.503668691588785,0.5152496527777779,0.0948827292110874,0.120713305898491,0.0047846889952153,0.1264591439688716,0.1877431906614786,8.6047976011994,25.21682692307692,0.1750805585392051,True,1.0,,0.0048076923076923,0.0196078431372549,,101115,1610612739,2014,2013-14,True,167.0,12.0,0.21942857142857142,14.066928967297034,4.0,15.0,12.0,9.0,3.0,3.0,4.0,,,0.5010775228728719,0.2841476794075583,15.443840075140995,0.5384117957002826,0.2889836583886325,0.0034939056985566763,-0.06471910797898689,-1.376911107843961,-0.002210326655161965,0.020540151135176987
210363.0,3506.0,143.0,6772.0,6758.0,1756.0,1735.0,786.0,13530.0,1063.0,1686.0,212.0,377.0,286.0,434.0,432.0,1112.0,508.0,1299.0,205.0,503.0,22.0,44.0,47.0,125.0,485.0,1372.0,34.0,95.0,123.0,347.0,2003.0,4097.0,690.0,1875.0,1220.0,7296.0,7153.0,294.0,574.0,56.0,139.0,149.0,905.0,468.0,932.0,170.0,472.0,509.0,1955.0,2340.0,1666.0,1782.0,288.0,316.0,2.0,16.0,1354.0,483.0,239.0,1170.0,594.0,1764.0,395.0,199.0,623.0,204.0,343.0,4122.0,267.0,613.0,29.0,637.0,1663.0,174.0,2474.0,909.0,3383.0,106.0,508.0,308.0,200.0,509.0,122.0,305.0,503.0,76.0,204.0,74.0,1012.0,105.0,254.0,699.0,1437.0,1.0,97.0,71.0,1610.0,141.0,29.0,628.0,21.0,208.0,401.0,7.0,5.0,257.0,2.0,26.0,118.0,408.0,256.0,21.0,6.0,13.0,25.0,6391.0,1924.0,1735.0,153.0,0.5841238142785822,0.6341463414634146,0.8608695652173913,0.368,0.4028776978417266,0.3601694915254237,0.3700914470145239,0.4888943129118867,0.5121951219512195,0.5021459227467812,0.5087073007367716,0.5301542776998598,0.5149572649572649,0.5442100538599641,0.5629675810473815,0.5700934579439252,0.3139651707970529,0.0583353673419575,0.0812574139976275,0.0836330935251798,0.0069284064665127,0.5029644268774703,0.8325358851674641,0.1567567567567567,0.6793300653594772,0.2967086156824782,0.718961625282167,0.2360742705570291,0.6898620275944811,0.2752580544260244,0.3861066235864297,0.2995529061102832,0.2229381443298969,0.2357142857142857,0.2371134020618556,0.6123234916559692,0.6541049798115747,0.755939524838013,0.7236641221374046,0.7056277056277056,0.0358835477318889,92.61704767473368,0.6274509803921569,15.64367985823981,15.451908848771826,14.876993502658005,14.502515537141166,0.2823174815807099,0.6304863582443654,0.6862491930277599,0.5860771401693321,0.1862022772940388,0.3884892086330935,0.4239450441609421,0.4722222222222222,0.2175150703281982,0.3910700538876058,0.3937984496124031,0.6751968503937008,0.084226389819156,0.4075546719681908,0.41,0.9707317073170731,0.2297387809778968,0.3534985422740525,0.3547915142648135,0.8144329896907216,0.5287517531556802,0.5623342175066313,0.1839622641509433,0.061711079943899,0.5,0.9545454545454546,0.1332398316970547,0.3578947368421052,0.8235294117647058,0.3091168091168091,0.6589861751152074,0.089031339031339,0.376,0.2471509971509971,0.3544668587896253,0.5962826523777629,0.3567208271787297,0.5109426423651942,0.5380143897996357,0.5087692446043166,0.1002161828289067,0.1369982547993019,0.0110993657505285,0.1240405701754386,0.2679550438596491,8.588064437393223,25.376106666666665,0.2593030124040165,False,8.0,4.0,0.0042666666666666,0.0059642147117296,0.0036443148688046,101115,1610612739,2014,2013-14,True,1472.0,78.0,0.2695914266577361,14.918772297078162,25.0,113.0,175.0,54.0,39.0,44.0,38.0,,,0.5010775228728719,0.2841476794075583,15.443840075140995,0.5384117957002826,0.2889836583886325,0.007629777863899734,-0.014556252749822196,-0.5250677780628337,0.005798258159681491,-0.01372560396260808
2135.0,36.0,8.0,70.0,70.0,33.0,17.0,9.0,140.0,21.0,29.0,6.0,7.0,8.0,10.0,2.0,9.0,4.0,12.0,1.0,3.0,,1.0,,,3.0,14.0,,1.0,1.0,9.0,27.0,50.0,4.0,17.0,15.0,81.0,73.0,6.0,8.0,,2.0,2.0,14.0,12.0,20.0,1.0,9.0,8.0,35.0,26.0,28.0,9.0,3.0,4.0,,1.0,13.0,3.0,2.0,13.0,3.0,16.0,2.0,1.0,9.0,1.0,3.0,35.0,4.0,5.0,,3.0,16.0,1.0,20.0,9.0,29.0,,8.0,6.0,2.0,2.0,1.0,1.0,5.0,,1.0,1.0,7.0,,3.0,8.0,19.0,,,2.0,17.0,4.0,1.0,8.0,,2.0,4.0,,,3.0,,,1.0,4.0,2.0,,,,,67.0,35.0,33.0,2.0,0.4814814814814814,0.52,0.75,0.2352941176470588,,0.1111111111111111,0.25,0.54,0.75,0.6,0.4925373134328358,0.6,0.4655172413793103,0.5547945205479452,0.6363636363636364,0.5303030303030303,0.2537313432835821,0.04,,0.2222222222222222,,0.2857142857142857,1.0,,0.5925925925925926,0.217391304347826,0.4285714285714285,0.3333333333333333,0.5588235294117647,0.2571428571428571,0.375,0.2857142857142857,,0.2,1.0,0.4444444444444444,0.5384615384615384,1.0,0.4,0.5,,94.42622950819673,0.5,14.0,16.5,12.957142857142856,15.0,0.4328358208955223,0.7241379310344828,0.7241379310344828,0.4285714285714285,0.1343283582089552,0.2222222222222222,0.2857142857142857,0.5,0.1791044776119403,0.3333333333333333,0.3333333333333333,0.75,0.044776119402985,0.3333333333333333,0.3333333333333333,1.0,0.208955223880597,0.2142857142857142,0.2142857142857142,0.6666666666666666,0.7,0.8571428571428571,0.3333333333333333,0.1,,,0.1,,,0.3448275862068966,0.8,,,0.3103448275862069,0.1111111111111111,0.6865671641791045,0.2307692307692307,0.5374219696969698,0.5592583333333333,0.5354107142857142,0.1126760563380281,0.1481481481481481,,0.1728395061728395,0.4320987654320987,6.642,26.45294117647059,0.4714285714285714,True,,,,,,101115,1610612754,2014,2013-14,True,21.0,1.0,0.2537313432835821,9.657836644591612,,2.0,2.0,1.0,,2.0,,,,0.5010775228728719,0.2841476794075583,15.443840075140995,0.5384117957002826,0.2889836583886325,-0.008540209440036084,-0.030416336123976206,-5.786003430549384,0.016382724847662566,-0.031840801245775374
235225.0,3920.0,-369.0,7516.0,7515.0,1852.0,2155.0,910.0,15031.0,1033.0,1959.0,229.0,462.0,238.0,464.0,537.0,1424.0,715.0,1791.0,127.0,334.0,12.0,32.0,30.0,70.0,407.0,1210.0,40.0,112.0,101.0,328.0,2285.0,5174.0,534.0,1544.0,1319.0,7491.0,7860.0,320.0,709.0,52.0,144.0,154.0,950.0,495.0,1149.0,131.0,398.0,507.0,1890.0,2150.0,2420.0,1302.0,300.0,354.0,,22.0,1188.0,407.0,438.0,1075.0,434.0,1509.0,312.0,122.0,527.0,179.0,369.0,3452.0,203.0,832.0,29.0,688.0,1816.0,165.0,2669.0,1064.0,3733.0,138.0,585.0,378.0,207.0,548.0,140.0,318.0,563.0,39.0,230.0,88.0,1111.0,113.0,249.0,740.0,1774.0,3.0,132.0,132.0,1751.0,154.0,47.0,732.0,21.0,172.0,369.0,5.0,4.0,245.0,1.0,13.0,111.0,374.0,212.0,30.0,6.0,16.0,20.0,6541.0,1871.0,1840.0,209.0,0.4704595185995623,0.5099620493358634,0.8127340823970037,0.3458549222797927,0.3611111111111111,0.329145728643216,0.3508541392904074,0.4416312330885195,0.4513399153737659,0.4308093994778068,0.4593629056266746,0.4665885111371629,0.4469941822882999,0.4976613657623948,0.5005291005291005,0.5086720867208672,0.2298303066388806,0.0846540394279087,0.1510974987238386,0.0898876404494382,0.0078168620882188,0.4932493249324932,0.8418367346938775,0.1318181818181818,0.704422032583398,0.29111266620014,0.747014115092291,0.2127882599580712,0.7156330380108602,0.271511017838405,0.3910675381263616,0.2938496583143508,0.2024482109227872,0.202127659574468,0.2524752475247525,0.6092105263157894,0.7216494845360825,0.765079365079365,0.7492836676217765,0.7399103139013453,0.0409374072975378,92.01674992028909,0.5668449197860963,15.32064928153273,15.978043912175648,14.586482171367749,15.24018629407851,0.2916046442393569,0.5273098519652885,0.6211665664461816,0.510164569215876,0.2119678475736826,0.3771067415730337,0.4143518518518518,0.3333333333333333,0.2665972015480798,0.3992183137911781,0.4023635340461451,0.5160839160839161,0.0497171777314677,0.3802395209580838,0.3825301204819277,0.9606299212598424,0.1801131289074129,0.3363636363636363,0.3374792703150912,0.7665847665847666,0.5416178194607268,0.4956709956709956,0.1397379912663755,0.0375146541617819,0.375,0.9166666666666666,0.1313012895662368,0.3571428571428571,0.8,0.2999353587588881,0.5129310344827587,0.0452488687782805,0.4285714285714285,0.2120232708468002,0.3079268292682927,0.5214349508782375,0.3425925925925926,0.4903480861244021,0.5153276699029128,0.477726424361493,0.1029954862535904,0.127260083449235,0.0134701731879409,0.1268188492858096,0.2523027633159792,9.23438345574024,25.798834196891207,0.2464076636508781,False,6.0,6.0,0.0038860103626943,0.0059880239520958,0.0033057851239669,101115,1610612754,2014,2013-14,True,1651.0,153.0,0.2606430485263471,14.7436646035268,19.0,121.0,139.0,60.0,51.0,63.0,62.0,,,0.5010775228728719,0.2841476794075583,15.443840075140995,0.5384117957002826,0.2889836583886325,-0.041714617246197294,-0.023504630881211186,-0.7001754716141946,-0.040750429937887855,-0.017472640550227514
