season,nba_id,name,gp,usg,min,mpg,team,oepm,depm,epm,ewins,OEPM_Rank,DEPM_Rank,EPM_Rank
2024,203954,Joel Embiid,39,0.388296,1309.42,33.5641,PHI,6.9,3.6,10.5,12.111,3,4,1
2024,1628983,Shai Gilgeous-Alexander,75,0.316969,2552.67,34.0267,OKC,6.2,2.6,8.8,20.5404,6,14,2
2024,1629029,Luka Doncic,70,0.356595,2624.07,37.4857,DAL,7.6,0.4,7.9,19.6181,1,146,3
2024,203507,Giannis Antetokounmpo,73,0.321828,2566.91,35.1507,MIL,5.7,1.8,7.5,18.4395,7,40,4
2024,203999,Nikola Jokic,79,0.288437,2736.59,34.6329,DEN,7.4,-0.4,7.0,18.6432,2,244,5
2024,1628973,Jalen Brunson,77,0.312607,2726.14,35.4026,NYK,6.4,-0.5,5.9,16.6177,4,250,6
2024,2544,LeBron James,71,0.287287,2503.72,35.2535,LAL,4.8,1.1,5.9,15.1919,10,82,7
2024,202331,Paul George,74,0.265328,2501.79,33.7973,LAC,4.0,1.7,5.7,14.8256,19,44,8
2024,202695,Kawhi Leonard,68,0.261293,2330.07,34.2647,LAC,3.4,2.3,5.7,13.76,24,23,9
2024,1628378,Donovan Mitchell,55,0.30271,1942.71,35.3091,CLE,4.0,1.5,5.5,11.3243,16,54,10
2024,1630169,Tyrese Haliburton,69,0.239858,2223.54,32.2174,IND,6.3,-0.8,5.5,12.8431,5,310,11
2024,201939,Stephen Curry,74,0.304281,2421.55,32.7162,GSW,5.3,-0.2,5.1,13.3343,8,208,12
2024,1626164,Devin Booker,68,0.289863,2446.65,35.9706,PHX,4.9,-0.1,4.8,12.9428,9,200,13
2024,1628392,Isaiah Hartenstein,75,0.116483,1896.41,25.28,NYK,0.7,3.9,4.7,9.91442,90,2,14
2024,1628369,Jayson Tatum,74,0.296707,2645.23,35.7432,BOS,4.0,0.7,4.6,13.7794,17,119,15
2024,203081,Damian Lillard,73,0.275078,2578.07,35.3151,MIL,3.8,0.9,4.6,13.39,22,94,16
2024,1628368,De'Aaron Fox,74,0.300438,2658.79,35.9189,SAC,3.1,1.4,4.6,13.6986,26,64,17
2024,203076,Anthony Davis,76,0.260904,2700.75,35.5263,LAL,2.6,1.9,4.5,13.8365,35,35,18
2024,202681,Kyrie Irving,58,0.275949,2029.61,34.9828,DAL,4.7,-0.2,4.5,10.3799,11,212,19
2024,1627832,Fred VanVleet,73,0.194778,2684.41,36.7671,HOU,2.9,1.5,4.4,13.5513,29,58,20
2024,202710,Jimmy Butler,60,0.235575,2042.09,34.0333,MIA,3.5,0.8,4.4,10.2297,23,98,21
2024,1630162,Anthony Edwards,79,0.31518,2770.41,35.0633,MIN,2.7,1.5,4.2,13.6291,34,59,22
2024,1628401,Derrick White,73,0.184211,2381.0,32.6164,BOS,2.5,1.7,4.2,11.6486,39,46,23
2024,1641705,Victor Wembanyama,71,0.315353,2106.23,29.662,SAS,1.0,3.1,4.1,10.1617,79,7,24
2024,201142,Kevin Durant,75,0.28473,2790.6,37.2,PHX,3.2,0.9,4.0,13.3714,25,95,25
2024,204001,Kristaps Porzingis,57,0.247646,1690.01,29.6491,BOS,2.8,1.2,4.0,8.09295,33,73,26
2024,1631114,Jalen Williams,71,0.232037,2223.56,31.3099,OKC,1.8,2.0,3.8,10.2489,59,31,27
2024,1628374,Lauri Markkanen,55,0.241609,1819.75,33.0727,UTA,4.6,-0.9,3.7,8.28387,12,323,28
2024,1628371,Jonathan Isaac,58,0.159981,914.552,15.7586,ORL,-0.5,4.1,3.6,4.10849,177,1,29
2024,1630178,Tyrese Maxey,70,0.273645,2625.85,37.5,PHI,4.4,-0.8,3.6,11.7799,13,311,30
2024,1627750,Jamal Murray,59,0.276497,1861.39,31.5424,DEN,4.2,-0.7,3.5,8.20051,14,289,31
2024,1630532,Franz Wagner,72,0.252121,2337.45,32.4583,ORL,1.2,2.3,3.5,10.2932,75,21,32
2024,1631096,Chet Holmgren,82,0.211427,2412.79,29.4146,OKC,1.5,1.9,3.4,10.5437,69,37,33
2024,1630163,LaMelo Ball,22,0.316792,711.38,32.3182,CHA,4.1,-0.9,3.2,3.00135,15,315,34
2024,1628384,OG Anunoby,50,0.174559,1702.04,34.04,NYK,-0.0,3.1,3.1,7.05412,150,6,35
2024,203935,Marcus Smart,20,0.226573,604.833,30.2,MEM,-0.8,3.7,3.0,2.45244,204,3,36
2024,1630591,Jalen Suggs,75,0.191968,2024.6,26.9867,ORL,0.3,2.7,3.0,8.20623,122,11,37
2024,201567,Kevin Love,55,0.211994,924.273,16.8,MIA,2.2,0.7,2.9,3.70615,43,114,38
2024,1627759,Jaylen Brown,70,0.283588,2342.52,33.4571,BOS,1.4,1.5,2.9,9.38228,72,60,39
2024,203994,Jusuf Nurkic,76,0.18905,2078.08,27.3421,PHX,0.7,2.2,2.8,8.24646,98,27,40
2024,1627734,Domantas Sabonis,82,0.22104,2928.07,35.7073,SAC,2.9,-0.2,2.7,11.3313,28,217,41
2024,201935,James Harden,72,0.20329,2469.72,34.2917,LAC,3.8,-1.2,2.6,9.3679,20,371,42
2024,1630217,Desmond Bane,42,0.275852,1442.88,34.3333,MEM,2.9,-0.3,2.6,5.52947,27,226,43
2024,203497,Rudy Gobert,76,0.153545,2593.16,34.1184,MIN,0.5,2.2,2.6,9.92143,111,26,44
2024,1630578,Alperen Sengun,63,0.270298,2045.78,32.4603,HOU,2.1,0.5,2.6,7.81865,45,138,45
2024,203114,Khris Middleton,55,0.232604,1486.91,27.0182,MIL,2.0,0.6,2.6,5.68198,52,122,46
2024,1629027,Trae Young,54,0.291118,1941.72,35.9444,ATL,4.0,-1.4,2.6,7.41808,18,405,47
2024,1626167,Myles Turner,77,0.235631,2076.5,26.961,IND,2.3,0.2,2.5,7.83124,40,161,48
2024,203932,Aaron Gordon,73,0.174588,2296.82,31.4521,DEN,0.4,2.1,2.5,8.61927,116,28,49
2024,1626157,Karl-Anthony Towns,62,0.269639,2025.59,32.6613,MIN,2.6,-0.1,2.5,7.55317,37,195,50
2024,1627936,Alex Caruso,71,0.14704,2040.32,28.7324,CHI,-1.0,3.4,2.4,7.55401,228,5,51
2024,1629655,Daniel Gafford,74,0.146375,1814.38,24.5135,DAL,0.9,1.5,2.4,6.51984,82,53,52
2024,1630567,Scottie Barnes,60,0.242084,2094.24,34.9,TOR,1.6,0.8,2.4,7.68708,67,97,53
2024,203992,Bogdan Bogdanovic,79,0.219629,2401.4,30.3924,ATL,1.6,0.8,2.4,8.73113,66,107,54
2024,1629012,Collin Sexton,78,0.267336,2074.77,26.5897,UTA,3.8,-1.6,2.2,7.3689,21,436,55
2024,203110,Draymond Green,55,0.149502,1490.18,27.0909,GSW,-0.7,2.9,2.2,5.28997,192,10,56
2024,1629630,Ja Morant,9,0.296689,317.933,35.2222,MEM,2.9,-0.7,2.2,1.11996,32,272,57
2024,1629627,Zion Williamson,70,0.286623,2206.95,31.5143,NOP,1.6,0.6,2.2,7.75379,64,129,58
2024,1628389,Bam Adebayo,71,0.248301,2416.48,34.0282,MIA,-0.5,2.6,2.2,8.46338,179,12,59
2024,1627742,Brandon Ingram,64,0.268348,2102.72,32.8438,NOP,1.8,0.3,2.1,7.27531,58,154,60
2024,1627783,Pascal Siakam,80,0.251956,2657.91,33.2125,IND,2.3,-0.3,2.1,9.24083,41,221,61
2024,1628976,Wendell Carter Jr.,55,0.173668,1406.34,25.5636,ORL,0.3,1.7,2.0,4.7445,120,47,62
2024,1628386,Jarrett Allen,77,0.192081,2442.07,31.7143,CLE,2.0,0.0,2.0,8.22153,53,185,63
2024,201144,Mike Conley,76,0.158986,2193.5,28.8553,MIN,1.9,0.1,1.9,7.36622,55,178,64
2024,1629622,Max Strus,70,0.16791,2239.21,31.9857,CLE,0.1,1.9,1.9,7.50361,144,36,65
2024,203468,CJ McCollum,66,0.245984,2158.57,32.697,NOP,2.9,-1.0,1.9,7.21252,30,329,66
2024,1630590,Scotty Pippen Jr.,21,0.229217,526.883,25.0476,MEM,0.4,1.5,1.9,0.896927,115,57,67
2024,1627763,Malcolm Brogdon,39,0.227477,1120.83,28.7179,POR,2.0,-0.2,1.8,3.6537,51,206,68
2024,1629638,Nickeil Alexander-Walker,82,0.145475,1920.92,23.4146,MIN,-1.2,3.0,1.8,6.25365,240,9,69
2024,203944,Julius Randle,46,0.28699,1630.11,35.4348,NYK,1.9,-0.2,1.8,5.2988,54,203,70
2024,1630188,Jalen Smith,61,0.188134,1046.63,17.1475,IND,2.6,-0.8,1.8,3.40005,36,300,71
2024,1631099,Keegan Murray,77,0.179051,2588.62,33.6104,SAC,0.2,1.6,1.8,8.37284,128,52,72
2024,1630596,Evan Mobley,50,0.200958,1532.35,30.64,CLE,-0.2,1.9,1.7,4.89668,160,32,73
2024,1630529,Herbert Jones,76,0.142185,2321.48,30.5395,NOP,-0.3,2.0,1.7,7.41156,164,29,74
2024,1630543,Isaiah Jackson,60,0.164132,770.9,12.8333,IND,-0.1,1.8,1.7,2.45559,155,42,75
2024,201950,Jrue Holiday,69,0.161841,2263.27,32.7971,BOS,0.4,1.3,1.7,7.20403,117,68,76
2024,1629001,De'Anthony Melton,38,0.178615,1023.35,26.9211,PHI,0.3,1.4,1.7,3.24942,123,66,77
2024,1641726,Dereck Lively II,55,0.125788,1294.31,23.5273,DAL,0.8,0.8,1.6,4.07393,86,96,78
2024,1630530,Trey Murphy III,57,0.182678,1690.31,29.6491,NOP,1.2,0.4,1.6,5.29221,74,147,79
2024,1626156,D'Angelo Russell,76,0.22372,2484.59,32.6842,LAL,2.6,-1.0,1.6,7.67772,38,337,80
2024,1629021,Moritz Wagner,80,0.220642,1414.72,17.675,ORL,1.8,-0.3,1.5,4.34826,57,224,81
2024,1629008,Michael Porter Jr.,81,0.203214,2564.68,31.6543,DEN,1.6,-0.1,1.5,7.8142,68,191,82
2024,1629674,Neemias Queta,28,0.160804,333.201,11.8929,BOS,1.0,0.5,1.5,1.01134,81,135,83
2024,1641708,Amen Thompson,62,0.173686,1388.47,22.3871,HOU,-0.8,2.3,1.5,4.21373,210,22,84
2024,1628978,Donte DiVincenzo,81,0.210032,2360.05,29.1358,NYK,2.0,-0.6,1.5,7.14998,49,256,85
2024,203991,Clint Capela,73,0.167274,1883.1,25.7945,ATL,0.5,0.9,1.5,5.68935,104,90,86
2024,1631109,Mark Williams,19,0.162562,508.4,26.7368,CHA,2.1,-0.6,1.4,1.52709,48,267,87
2024,201942,DeMar DeRozan,79,0.253484,2988.41,37.8228,CHI,2.0,-0.6,1.4,8.96492,50,259,88
2024,1629048,Goga Bitadze,62,0.129047,957.06,15.4355,ORL,-0.5,1.9,1.4,2.87103,181,34,89
2024,1630200,Tre Jones,77,0.149922,2135.9,27.7273,SAS,0.8,0.7,1.4,6.3815,88,117,90
2024,1629639,Tyler Herro,42,0.269243,1407.11,33.5,MIA,1.6,-0.2,1.4,4.20031,63,214,91
2024,204456,T.J. McConnell,71,0.23094,1290.99,18.169,IND,2.1,-0.7,1.4,3.83605,46,282,92
2024,1628372,Dennis Smith Jr.,56,0.174494,1058.67,18.8929,BKN,-1.7,3.0,1.3,3.10085,285,8,93
2024,1630170,Devin Vassell,68,0.229727,2247.75,33.0441,SAS,0.9,0.4,1.3,6.53816,84,144,94
2024,203078,Bradley Beal,53,0.225514,1766.73,33.3208,PHX,1.1,0.2,1.2,5.07758,76,168,95
2024,1630167,Obi Toppin,82,0.162615,1730.58,21.0976,IND,1.5,-0.2,1.2,4.93714,71,219,96
2024,1628969,Mikal Bridges,82,0.238288,2856.87,34.8293,BKN,0.4,0.8,1.2,8.03908,118,104,97
2024,1630174,Aaron Nesmith,72,0.158449,1994.84,27.6944,IND,-0.0,1.2,1.1,5.60728,151,75,98
2024,1631246,Vince Williams Jr.,52,0.155667,1436.53,27.6154,MEM,-0.5,1.7,1.1,4.03172,184,48,99
2024,1627739,Kris Dunn,66,0.132833,1249.18,18.9242,UTA,-0.5,1.6,1.1,3.48613,178,51,100
2024,1627826,Ivica Zubac,68,0.165846,1794.48,26.3824,LAC,0.1,1.0,1.1,4.96766,136,86,101
2024,1631165,Keon Ellis,57,0.125331,978.488,17.1579,SAC,-0.9,1.9,1.0,2.67709,219,33,102
2024,1627749,Dejounte Murray,78,0.260959,2783.34,35.6795,ATL,2.3,-1.3,1.0,7.55278,42,394,103
2024,1630631,Jose Alvarado,56,0.168447,1028.37,18.3571,NOP,-0.8,1.8,1.0,2.75143,202,43,104
2024,1630228,Jonathan Kuminga,74,0.239552,1949.51,26.3378,GSW,0.2,0.8,1.0,5.23477,131,106,105
2024,1627747,Caris LeVert,68,0.224601,1958.06,28.7941,CLE,-0.7,1.6,0.9,5.15972,198,50,106
2024,1629162,Jordan McLaughlin,56,0.120642,626.094,11.1786,MIN,-0.3,1.2,0.9,1.64877,161,76,107
2024,1630202,Payton Pritchard,82,0.168542,1825.71,22.2561,BOS,2.1,-1.3,0.8,4.75166,44,393,108
2024,1629652,Luguentz Dort,79,0.152261,2245.95,28.4177,OKC,-0.1,0.9,0.8,5.82096,153,92,109
2024,1630573,Sam Hauser,79,0.146539,1740.63,22.0253,BOS,0.7,0.1,0.8,4.49781,97,169,110
2024,1629731,Dean Wade,54,0.102246,1108.04,20.5185,CLE,-1.7,2.5,0.8,2.85719,290,17,111
2024,202691,Klay Thompson,77,0.235988,2286.32,29.6883,GSW,1.5,-0.7,0.8,5.81055,70,284,112
2024,1631106,Tari Eason,22,0.18903,480.1,21.8182,HOU,-1.8,2.5,0.7,1.21509,297,20,113
2024,101108,Chris Paul,58,0.155783,1530.89,26.3793,GSW,0.0,0.7,0.7,3.86359,147,113,114
2024,203484,Kentavious Caldwell-Pope,76,0.126464,2401.76,31.5921,DEN,-0.7,1.4,0.7,6.02572,196,63,115
2024,1629111,Jock Landale,56,0.138583,763.492,13.625,HOU,-0.9,1.5,0.7,1.89584,214,56,116
2024,1629011,Mitchell Robinson,31,0.100601,768.117,24.7742,NYK,-1.5,2.2,0.7,1.9048,272,25,117
2024,1630241,Sam Merrill,61,0.171977,1068.91,17.5082,CLE,1.0,-0.3,0.7,2.64774,78,230,118
2024,1630193,Immanuel Quickley,68,0.235357,1985.34,29.1912,TOR,1.6,-1.0,0.6,4.88848,65,326,119
2024,201572,Brook Lopez,79,0.156569,2411.17,30.519,MIL,-0.3,0.9,0.6,5.85454,166,91,120
2024,1630194,Paul Reed,82,0.156571,1589.51,19.378,PHI,0.1,0.5,0.6,3.85285,141,136,121
2024,1628991,Jaren Jackson Jr.,66,0.300944,2124.2,32.1818,MEM,-0.2,0.8,0.6,5.12597,157,105,122
2024,1630166,Deni Avdija,75,0.198891,2256.66,30.08,WAS,-0.0,0.6,0.5,5.40617,152,128,123
2024,1630549,Day'Ron Sharpe,61,0.185701,920.597,15.082,BKN,0.2,0.4,0.5,2.19836,132,150,124
2024,203897,Zach LaVine,25,0.239509,871.867,34.84,CHI,0.1,0.4,0.5,2.06905,137,149,125
2024,1629750,Javonte Green,9,0.159851,230.4,25.5556,CHI,0.5,-0.1,0.5,0.0794745,106,189,126
2024,1641871,Duop Reath,68,0.202058,1214.12,17.8529,POR,0.9,-0.4,0.4,2.81482,83,241,127
2024,1627751,Jakob Poeltl,50,0.161124,1319.14,26.38,TOR,0.3,0.1,0.4,3.03434,125,170,128
2024,1631094,Paolo Banchero,80,0.292383,2798.75,34.975,ORL,0.6,-0.2,0.4,6.38323,102,209,129
2024,203083,Andre Drummond,79,0.202275,1351.27,17.1013,CHI,0.4,-0.1,0.4,3.07779,112,192,130
2024,1630595,Cade Cunningham,62,0.300243,2074.2,33.4516,DET,1.7,-1.3,0.4,4.71791,61,392,131
2024,1626179,Terry Rozier,61,0.254128,2040.38,33.4426,MIA,1.7,-1.4,0.3,4.49683,60,406,132
2024,202699,Tobias Harris,70,0.204218,2367.71,33.8143,PHI,0.6,-0.2,0.3,5.3334,103,216,133
2024,1629661,Cameron Johnson,58,0.191184,1599.02,27.569,BKN,0.7,-0.4,0.3,3.5654,95,235,134
2024,1629060,Rui Hachimura,68,0.183832,1825.12,26.8382,LAL,0.3,-0.0,0.3,4.06658,119,186,135
2024,1631107,Nikola Jovic,46,0.171672,896.256,19.4783,MIA,0.1,0.2,0.3,1.99392,138,163,136
2024,203915,Spencer Dinwiddie,76,0.161927,2152.93,28.3158,LAL,0.7,-0.5,0.3,4.53252,89,246,137
2024,1627780,Gary Payton II,44,0.131611,679.92,15.4318,GSW,-1.7,2.0,0.3,1.50374,293,30,138
2024,1630230,Naji Marshall,66,0.15866,1257.08,19.0455,NOP,-1.4,1.7,0.3,2.77241,262,45,139
2024,1631323,Simone Fontecchio,66,0.16005,1643.88,24.8939,DET,-0.6,0.9,0.3,3.70496,189,93,140
2024,201566,Russell Westbrook,68,0.240878,1528.82,22.4706,LAC,-0.9,1.1,0.2,3.3531,218,78,141
2024,1628960,Grayson Allen,75,0.143738,2513.32,33.5067,PHX,1.4,-1.1,0.2,5.50228,73,361,142
2024,1629628,RJ Barrett,58,0.259615,1838.12,31.6897,TOR,0.8,-0.5,0.2,4.01961,87,252,143
2024,1629626,Bol Bol,43,0.159316,469.043,10.907,PHX,-0.4,0.6,0.2,1.01569,173,124,144
2024,203957,Dante Exum,55,0.149271,1087.63,19.7636,DAL,0.5,-0.3,0.2,2.34856,108,229,145
2024,1629636,Darius Garland,57,0.251098,1900.45,33.3333,CLE,0.7,-0.5,0.2,4.1006,94,251,146
2024,201143,Al Horford,65,0.119701,1739.8,26.7538,BOS,0.1,0.0,0.1,3.68104,139,180,147
2024,1641709,Ausar Thompson,63,0.162305,1582.87,25.1111,DET,-2.4,2.5,0.1,3.32506,358,16,148
2024,203496,Robert Covington,29,0.105171,488.433,16.8276,PHI,-2.4,2.5,0.1,1.03823,355,18,149
2024,1641764,Brandin Podziemski,74,0.150995,1968.24,26.5946,GSW,0.1,0.0,0.1,4.10226,142,183,150
2024,1630191,Isaiah Stewart,46,0.142985,1422.79,30.913,DET,-1.1,1.2,0.1,2.94345,237,74,151
2024,200768,Kyle Lowry,60,0.128065,1689.84,28.15,PHI,-1.0,1.0,0.0,3.50085,225,84,152
2024,1629632,Coby White,79,0.22503,2881.56,36.4684,CHI,2.1,-2.1,0.0,5.85806,47,486,153
2024,1631157,Ryan Rollins,13,0.215385,77.85,5.92308,MIL,-1.4,1.3,-0.0,0.117813,258,69,154
2024,1629675,Naz Reid,81,0.225516,1963.83,24.2346,MIN,-0.5,0.5,-0.1,3.88562,187,142,155
2024,1641739,Toumani Camara,70,0.134314,1739.32,24.8429,POR,-2.6,2.5,-0.1,3.43194,372,19,156
2024,1627827,Dorian Finney-Smith,68,0.132317,1934.57,28.4412,BKN,-1.2,1.1,-0.1,3.77878,244,81,157
2024,1630598,Aaron Wiggins,78,0.164481,1227.99,15.7308,OKC,-0.3,0.2,-0.1,2.39838,169,160,158
2024,1631218,Trayce Jackson-Davis,68,0.159722,1130.44,16.6176,GSW,0.5,-0.7,-0.1,2.18865,107,271,159
2024,1630171,Isaac Okoro,69,0.137419,1887.07,27.3478,CLE,-1.3,1.1,-0.1,3.65148,250,77,160
2024,1627884,Derrick Jones Jr.,76,0.147087,1782.87,23.4474,DAL,-1.9,1.8,-0.2,3.41021,308,41,161
2024,1629018,Gary Trent Jr.,71,0.197111,1993.58,28.0704,TOR,0.1,-0.2,-0.2,3.80185,140,218,162
2024,1630581,Josh Giddey,80,0.225376,2011.6,25.1375,OKC,0.8,-1.0,-0.2,3.81735,85,342,163
2024,1629614,Andrew Nembhard,68,0.161581,1696.68,24.9412,IND,-1.7,1.5,-0.2,3.21356,284,62,164
2024,1627741,Buddy Hield,84,0.187548,2159.92,25.7024,PHI,0.7,-0.9,-0.2,4.1742,100,317,165
2024,1630700,Dyson Daniels,61,0.124329,1358.49,22.2623,NOP,-1.7,1.5,-0.3,2.50347,295,61,166
2024,1629028,Deandre Ayton,55,0.212377,1783.53,32.4182,POR,-0.4,0.1,-0.3,3.27321,171,173,167
2024,202685,Jonas Valanciunas,82,0.209345,1924.87,23.4634,NOP,1.9,-2.1,-0.3,3.53079,56,488,168
2024,203967,Dario Saric,64,0.19203,1097.81,17.1406,GSW,0.3,-0.6,-0.3,1.97975,124,263,169
2024,1630183,Jaden McDaniels,72,0.156809,2105.45,29.2361,MIN,-2.0,1.6,-0.4,3.68771,323,49,170
2024,1628963,Marvin Bagley III,50,0.206719,1053.35,21.06,WAS,0.4,-0.8,-0.4,1.86052,114,308,171
2024,1641713,GG Jackson,48,0.235974,1233.22,25.6875,MEM,-1.0,0.5,-0.4,2.1308,224,134,172
2024,1628970,Miles Bridges,69,0.241636,2581.11,37.4058,CHA,0.2,-0.7,-0.5,4.42225,127,281,173
2024,1626162,Kelly Oubre Jr.,68,0.220357,2055.37,30.2206,PHI,-1.1,0.6,-0.5,3.4608,236,125,174
2024,1627732,Ben Simmons,15,0.127358,358.91,23.8667,BKN,-0.5,0.0,-0.5,0.602788,186,182,175
2024,1630552,Jalen Johnson,56,0.185806,1888.88,33.7143,ATL,-1.0,0.4,-0.5,3.14262,223,145,176
2024,1631105,Jalen Duren,61,0.181067,1777.49,29.1311,DET,0.3,-0.8,-0.5,2.93018,126,306,177
2024,1628436,Luke Kornet,63,0.108829,983.345,15.6032,BOS,0.7,-1.3,-0.6,1.61371,91,390,178
2024,1630198,Isaiah Joe,78,0.157384,1444.89,18.5128,OKC,-0.4,-0.2,-0.6,2.35516,174,202,179
2024,1626181,Norman Powell,76,0.193956,1990.4,26.1842,LAC,0.3,-0.9,-0.6,3.20676,121,319,180
2024,1628379,Luke Kennard,39,0.169588,999.077,25.6154,MEM,0.7,-1.3,-0.6,1.60472,99,388,181
2024,1629651,Nic Claxton,71,0.156624,2115.69,29.7887,BKN,-1.3,0.6,-0.6,3.39192,249,121,182
2024,1630540,Miles McBride,68,0.164814,1328.06,19.5294,NYK,-0.4,-0.3,-0.6,2.09934,170,225,183
2024,1628404,Josh Hart,81,0.133702,2706.83,33.4074,NYK,-1.6,0.9,-0.7,4.26795,277,89,184
2024,1628998,Cody Martin,28,0.158998,753.011,26.8929,CHA,-3.2,2.5,-0.7,1.18463,421,15,185
2024,1629014,Anfernee Simons,46,0.2773,1581.78,34.3696,POR,2.9,-3.5,-0.7,2.48827,31,518,186
2024,1641774,Tristan Vukcevic,10,0.236111,153.412,15.3,WAS,-1.2,0.5,-0.7,0.0498574,242,137,187
2024,1629023,P.J. Washington,73,0.185533,2220.67,30.411,DAL,-1.5,0.8,-0.7,3.39387,266,103,188
2024,1627736,Malik Beasley,79,0.14322,2336.99,29.5696,MIL,-0.2,-0.4,-0.7,3.65405,158,242,189
2024,1628989,Kevin Huerter,64,0.174498,1562.24,24.4062,SAC,0.6,-1.3,-0.7,2.42976,101,397,190
2024,1628415,Dillon Brooks,72,0.175864,2226.8,30.9167,HOU,-1.4,0.7,-0.7,3.46296,254,116,191
2024,1629022,Lonnie Walker IV,58,0.237359,1011.13,17.431,BKN,-0.7,-0.0,-0.7,1.55623,194,188,192
2024,1631117,Walker Kessler,64,0.127207,1493.12,23.3281,UTA,-1.5,0.8,-0.7,2.29518,273,101,193
2024,1628370,Malik Monk,72,0.247411,1872.36,26.0,SAC,0.7,-1.4,-0.7,2.87433,92,418,194
2024,1630541,Moses Moody,66,0.177448,1153.71,17.4697,GSW,-1.2,0.5,-0.7,1.76899,246,141,195
2024,1630172,Patrick Williams,43,0.164702,1174.12,27.3023,CHI,-1.7,1.0,-0.7,1.79132,287,87,196
2024,1629130,Duncan Robinson,68,0.185373,1905.47,28.0147,MIA,0.1,-0.8,-0.7,2.90136,143,299,197
2024,1628449,Chris Boucher,50,0.168358,704.905,14.08,TOR,0.2,-0.9,-0.7,1.07133,129,322,198
2024,1630224,Jalen Green,82,0.271426,2601.5,31.7195,HOU,0.5,-1.2,-0.7,3.94317,110,375,199
2024,203924,Jerami Grant,54,0.255374,1830.18,33.8889,POR,0.2,-0.9,-0.8,2.75632,133,321,200
2024,1631095,Jabari Smith Jr.,76,0.173633,2423.9,31.8816,HOU,-0.7,-0.1,-0.8,3.64865,193,196,201
2024,201587,Nicolas Batum,60,0.0860124,1529.65,25.4833,PHI,-1.6,0.8,-0.8,2.32805,275,102,202
2024,1631093,Jaden Ivey,77,0.244659,2217.51,28.7922,DET,-0.2,-0.6,-0.8,3.27995,156,262,203
2024,1626145,Tyus Jones,66,0.16159,1932.68,29.2727,WAS,1.6,-2.4,-0.8,2.85796,62,501,204
2024,1630577,Julian Champagnie,74,0.141553,1467.85,19.8243,SAS,-1.2,0.4,-0.8,2.17047,243,148,205
2024,202684,Tristan Thompson,49,0.13448,548.928,11.1837,CLE,-1.7,0.8,-0.8,0.800636,282,100,206
2024,1630245,Ayo Dosunmu,76,0.169033,2212.47,29.1053,CHI,-0.8,-0.1,-0.8,3.22582,201,190,207
2024,1626220,Royce O'Neale,79,0.134961,1954.24,24.7342,PHX,-1.4,0.6,-0.8,2.80185,260,130,208
2024,1628398,Kyle Kuzma,70,0.297663,2281.17,32.5857,WAS,0.2,-1.0,-0.8,3.29712,130,345,209
2024,1630214,Xavier Tillman,54,0.147757,974.511,18.037,BOS,-3.5,2.6,-0.9,1.39829,440,13,210
2024,202696,Nikola Vucevic,76,0.233654,2609.51,34.3289,CHI,0.5,-1.4,-0.9,3.69572,109,411,211
2024,203939,Dwight Powell,63,0.0882793,836.332,13.2698,DAL,-1.0,0.1,-0.9,1.17568,227,176,212
2024,1626204,Larry Nance Jr.,61,0.112416,1216.15,19.9344,NOP,-2.0,1.1,-0.9,1.69031,324,79,213
2024,1629631,De'Andre Hunter,57,0.20397,1681.12,29.4912,ATL,0.0,-1.0,-0.9,2.33628,146,328,214
2024,1629006,Josh Okogie,60,0.124836,959.727,15.9833,PHX,-2.5,1.5,-0.9,1.33257,361,55,215
2024,1629007,Jontay Porter,26,0.155814,359.751,13.8077,TOR,-1.5,0.5,-1.0,0.352889,274,132,216
2024,1628381,John Collins,68,0.200823,1901.1,27.9559,UTA,1.0,-2.0,-1.0,2.51972,77,480,217
2024,1630572,Sandro Mamukelashvili,46,0.169369,450.963,9.78261,SAS,-0.6,-0.4,-1.1,0.579312,190,245,218
2024,1631170,Jaime Jaquez Jr.,75,0.181818,2113.21,28.1733,MIA,-1.2,0.1,-1.1,2.6649,247,174,219
2024,1630180,Saddiq Bey,63,0.163796,2061.66,32.7143,ATL,0.4,-1.5,-1.1,2.58524,113,431,220
2024,1631254,Kenneth Lofton Jr.,21,0.208163,198.3,9.42857,UTA,-1.2,0.1,-1.1,0.227285,248,175,221
2024,1630568,Luka Garza,25,0.278788,121.826,4.84,MIN,0.7,-1.8,-1.1,0.152348,93,464,222
2024,203471,Dennis Schroder,80,0.20303,2485.95,31.0625,BKN,0.0,-1.1,-1.1,3.14089,148,364,223
2024,203937,Kyle Anderson,79,0.140964,1781.89,22.5443,MIN,-3.0,1.8,-1.1,2.21727,402,38,224
2024,1630559,Austin Reaves,82,0.199478,2628.54,32.0488,LAL,0.7,-1.8,-1.2,3.20947,96,465,225
2024,203482,Kelly Olynyk,78,0.170991,1758.73,22.5385,TOR,0.5,-1.7,-1.2,2.14185,105,452,226
2024,1630560,Cam Thomas,66,0.296942,2074.89,31.4242,BKN,1.0,-2.2,-1.2,2.48174,80,491,227
2024,1630583,Santi Aldama,61,0.177991,1618.06,26.5246,MEM,-1.1,-0.1,-1.2,1.89757,239,197,228
2024,201569,Eric Gordon,68,0.163516,1892.62,27.8235,PHX,-0.9,-0.4,-1.3,2.1899,220,234,229
2024,1641717,Cason Wallace,82,0.128703,1691.98,20.622,OKC,-1.9,0.7,-1.3,1.95478,305,118,230
2024,1626168,Trey Lyles,58,0.139769,1158.24,19.9655,SAC,-0.5,-0.8,-1.3,1.33642,180,304,231
2024,1629026,Kenrich Williams,69,0.132943,1028.98,14.8986,OKC,-1.4,0.1,-1.3,1.18103,259,172,232
2024,1629004,Svi Mykhailiuk,41,0.157464,413.163,10.0732,BOS,-0.5,-0.8,-1.3,0.470926,182,302,233
2024,1631212,Peyton Watson,80,0.16198,1487.9,18.5875,DEN,-3.5,2.2,-1.3,1.69208,445,24,234
2024,1630288,Jeff Dowtin Jr.,12,0.125373,142.017,11.8333,PHI,-0.5,-0.8,-1.3,0.0451159,183,307,235
2024,1641715,Cam Whitmore,47,0.254743,880.315,18.7234,HOU,-0.3,-1.0,-1.3,0.99126,168,327,236
2024,1626172,Kevon Looney,74,0.111424,1194.45,16.1351,GSW,-0.6,-0.7,-1.3,1.34165,191,275,237
2024,1629020,Jarred Vanderbilt,29,0.113194,581.326,20.0345,LAL,-3.1,1.8,-1.3,0.64778,416,39,238
2024,1630547,James Bouknight,14,0.240437,80.9,5.71429,CHA,-0.4,-0.9,-1.3,0.0547632,172,325,239
2024,1628988,Aaron Holiday,78,0.159201,1269.23,16.2692,HOU,-1.2,-0.2,-1.3,1.39519,241,207,240
2024,1630544,Tre Mann,41,0.185458,987.093,24.0732,CHA,-0.8,-0.6,-1.4,1.08838,205,258,241
2024,203458,Alex Len,48,0.114475,444.249,9.25,SAC,-2.0,0.6,-1.4,0.470977,318,126,242
2024,201976,Patrick Beverley,73,0.142646,1462.52,20.0274,MIL,-2.2,0.8,-1.4,1.53071,345,99,243
2024,1630168,Onyeka Okongwu,55,0.133936,1404.75,25.5273,ATL,-0.0,-1.4,-1.4,1.5062,149,408,244
2024,1629640,Keldon Johnson,69,0.212304,2038.39,29.5362,SAS,-0.3,-1.1,-1.4,2.17949,162,360,245
2024,1641741,Ricky Council IV,32,0.207574,288.638,9.0,PHI,-0.3,-1.1,-1.4,0.303136,167,356,246
2024,1628997,Caleb Martin,64,0.16925,1756.55,27.4375,MIA,-2.0,0.5,-1.5,1.80513,317,131,247
2024,202692,Alec Burks,66,0.236815,1211.59,18.3485,NYK,-0.4,-1.0,-1.5,1.21557,175,346,248
2024,1641706,Brandon Miller,74,0.23629,2383.0,32.2027,CHA,-0.1,-1.4,-1.5,2.40509,154,414,249
2024,1630322,Lindy Waters III,38,0.16944,280.195,7.36842,OKC,0.2,-1.7,-1.5,0.28172,134,443,250
2024,1630692,Jordan Goodwin,57,0.182462,1056.68,18.5263,MEM,-2.0,0.5,-1.5,1.00592,316,143,251
2024,1630215,Jared Butler,40,0.196903,565.645,14.125,WAS,-0.9,-0.7,-1.5,0.547662,215,274,252
2024,203914,Gary Harris,54,0.11586,1297.35,24.0185,ORL,-1.6,0.1,-1.5,1.24914,280,177,253
2024,203084,Harrison Barnes,82,0.154505,2380.88,29.0244,SAC,-1.0,-0.6,-1.6,2.2425,226,261,254
2024,1631217,Moussa Diabate,11,0.173913,64.2333,5.81818,LAC,-0.7,-0.9,-1.6,0.0601111,199,313,255
2024,203200,Justin Holiday,58,0.104552,862.029,14.8621,DEN,-1.9,0.3,-1.6,0.79834,312,151,256
2024,1626153,Delon Wright,47,0.128976,741.544,15.766,MIA,-1.8,0.2,-1.6,0.656693,301,165,257
2024,1631200,Kris Murray,62,0.135723,1348.26,21.7419,POR,-2.9,1.3,-1.7,1.19197,399,71,258
2024,1629312,Haywood Highsmith,66,0.121066,1365.82,20.6818,MIA,-2.3,0.6,-1.7,1.1815,352,123,259
2024,1630173,Precious Achiuwa,74,0.159766,1623.73,21.9324,NYK,-2.2,0.5,-1.7,1.40058,344,133,260
2024,1631260,AJ Green,56,0.15259,614.259,10.9643,MIL,-0.5,-1.3,-1.7,0.516403,176,386,261
2024,1626171,Bobby Portis,82,0.225239,2007.78,24.4756,MIL,0.2,-1.9,-1.8,1.65213,135,469,262
2024,1629634,Brandon Clarke,6,0.190616,134.318,22.3333,MEM,-1.7,-0.1,-1.8,0.110112,286,193,263
2024,203109,Jae Crowder,50,0.114467,1155.71,23.1,MIL,-3.0,1.2,-1.8,0.92478,407,72,264
2024,1641970,Maozinha Pereira,7,0.143791,121.683,17.2857,MEM,-2.4,0.6,-1.8,0.0106114,360,120,265
2024,1628964,Mo Bamba,57,0.150175,740.37,12.9825,PHI,-2.0,0.2,-1.8,0.586224,315,167,266
2024,1629611,Terance Mann,75,0.135906,1872.86,24.96,LAC,-0.8,-1.0,-1.8,1.46925,212,331,267
2024,204060,Joe Ingles,68,0.111808,1169.08,17.1912,ORL,-0.9,-0.9,-1.8,0.91535,221,318,268
2024,1641766,Adama Sanogo,9,0.210227,65.7667,7.22222,CHI,-1.4,-0.4,-1.8,0.0507778,256,243,269
2024,1631207,Dalen Terry,59,0.128774,680.711,11.5254,CHI,-2.8,0.9,-1.8,0.526977,387,88,270
2024,1631110,Jeremy Sochan,74,0.187536,2193.11,29.6351,SAS,-2.1,0.3,-1.8,1.68921,331,157,271
2024,1630175,Cole Anthony,81,0.232724,1817.34,22.4321,ORL,-0.9,-1.0,-1.8,1.39137,216,330,272
2024,1629659,Talen Horton-Tucker,51,0.236334,1008.71,19.7647,UTA,-0.7,-1.1,-1.9,0.760875,195,365,273
2024,1631216,Caleb Houstan,59,0.123662,815.323,13.8136,ORL,-1.5,-0.4,-1.9,0.603562,270,233,274
2024,1630557,Corey Kispert,80,0.192192,2067.43,25.8375,WAS,0.0,-1.9,-1.9,1.52856,145,470,275
2024,203501,Tim Hardaway Jr.,79,0.22158,2120.34,26.8354,DAL,-0.3,-1.6,-1.9,1.52466,163,437,276
2024,1630548,Johnny Juzang,20,0.147936,371.803,18.55,UTA,-0.7,-1.2,-1.9,0.255641,197,382,277
2024,1626166,Cameron Payne,78,0.187581,1304.07,16.7179,PHI,-0.6,-1.4,-2.0,0.901608,188,412,278
2024,1628420,Monte Morris,33,0.151488,476.057,14.4242,MIN,-1.7,-0.3,-2.0,0.312308,292,220,279
2024,1629673,Jordan Poole,78,0.258911,2345.58,30.0641,WAS,-0.8,-1.2,-2.0,1.51918,203,384,280
2024,1630611,Gui Santos,23,0.143443,192.099,8.34783,GSW,-0.5,-1.5,-2.1,0.105194,185,428,281
2024,1629680,Matisse Thybulle,65,0.106212,1487.37,22.8769,POR,-3.2,1.1,-2.1,0.886693,425,80,282
2024,1626174,Christian Wood,50,0.173913,871.929,17.42,LAL,-2.8,0.7,-2.1,0.518259,386,115,283
2024,1631222,Jake LaRavia,35,0.2,806.415,23.0286,MEM,-1.5,-0.7,-2.1,0.453951,268,270,284
2024,1630205,Lamar Stevens,38,0.211538,559.028,14.7105,MEM,-2.7,0.6,-2.1,0.314026,381,127,285
2024,1628426,Sasha Vezenkov,42,0.173013,511.087,12.1667,SAC,-0.8,-1.4,-2.2,0.280307,206,407,286
2024,203952,Andrew Wiggins,71,0.208016,1920.44,27.0423,GSW,-0.9,-1.3,-2.2,1.04436,217,389,287
2024,1631230,Dominick Barlow,33,0.13878,419.548,12.697,SAS,-1.4,-0.7,-2.2,0.224977,263,293,288
2024,1630570,Trendon Watford,63,0.20255,856.527,13.5873,BKN,-1.3,-0.9,-2.2,0.45888,251,316,289
2024,1629656,Quentin Grimes,51,0.156093,1025.14,20.098,DET,-2.9,0.7,-2.2,0.554351,396,110,290
2024,1630208,Nick Richards,67,0.131684,1758.72,26.2388,CHA,-0.8,-1.4,-2.2,0.906627,208,415,291
2024,1631119,Jaylin Williams,69,0.134458,897.016,13.0,OKC,-1.5,-0.7,-2.2,0.457438,271,277,292
2024,1628418,Thomas Bryant,38,0.189109,441.378,11.6053,MIA,-0.2,-2.0,-2.2,0.221325,159,476,293
2024,203486,Mason Plumlee,46,0.147843,673.938,14.6304,LAC,-1.4,-0.9,-2.2,0.337349,257,312,294
2024,1630256,Jae'Sean Tate,65,0.114774,1031.45,15.8615,HOU,-3.6,1.4,-2.2,0.513704,451,65,295
2024,1629684,Grant Williams,76,0.15796,2129.55,28.0132,CHA,-1.6,-0.6,-2.3,0.988018,281,269,296
2024,201565,Derrick Rose,24,0.221985,399.333,16.625,MEM,-1.4,-0.9,-2.3,0.179481,255,324,297
2024,202704,Reggie Jackson,82,0.212926,1816.86,22.1463,DEN,-0.9,-1.4,-2.3,0.800148,222,409,298
2024,1628464,Daniel Theis,60,0.151786,1014.85,16.9,LAC,-1.3,-1.0,-2.3,0.449802,252,336,299
2024,1631128,Christian Braun,82,0.152935,1655.59,20.1829,DEN,-2.4,0.0,-2.3,0.711695,354,181,300
2024,1627752,Taurean Prince,78,0.134843,2108.47,27.0256,LAL,-2.2,-0.2,-2.4,0.86677,339,201,301
2024,1631159,Leonard Miller,17,0.157143,52.4,3.05882,MIN,-1.0,-1.3,-2.4,0.0214266,231,396,302
2024,1629002,Chimezie Metu,51,0.165152,858.905,16.8235,DET,-2.6,0.2,-2.4,0.280795,369,164,303
2024,1628467,Maxi Kleber,43,0.0963915,871.388,20.2558,DAL,-3.4,1.0,-2.4,0.350389,433,83,304
2024,1630249,Vit Krejci,22,0.0985145,541.32,24.5909,ATL,-1.6,-0.8,-2.4,0.142682,278,298,305
2024,1630647,Eugene Omoruyi,43,0.210953,393.303,9.13953,WAS,-1.7,-0.7,-2.4,0.14807,291,278,306
2024,1630204,Ashton Hagans,19,0.143233,315.572,16.5789,POR,-3.4,1.0,-2.4,0.0436825,435,85,307
2024,1631101,Shaedon Sharpe,32,0.220594,1059.03,33.0938,POR,-1.7,-0.8,-2.4,0.374642,283,296,308
2024,1628975,Jevon Carter,72,0.169044,1003.6,13.9306,CHI,-2.7,0.3,-2.4,0.353089,380,155,309
2024,203903,Jordan Clarkson,55,0.254208,1682.37,30.5818,UTA,-0.8,-1.7,-2.5,0.552943,207,445,310
2024,1630695,Micah Potter,16,0.10984,186.06,11.625,UTA,-3.2,0.7,-2.5,0.0609689,420,111,311
2024,1629723,John Konchar,55,0.0960699,1173.53,21.3273,MEM,-2.8,0.2,-2.6,0.311654,388,162,312
2024,1629013,Landry Shamet,46,0.18418,726.448,15.7826,WAS,-1.3,-1.2,-2.6,0.192406,253,380,313
2024,1628380,Zach Collins,69,0.224266,1528.06,22.1449,SAS,-1.4,-1.1,-2.6,0.40347,264,359,314
2024,1631221,Collin Gillespie,24,0.172676,225.389,9.375,DEN,-2.4,-0.2,-2.6,0.0564709,357,205,315
2024,201152,Thaddeus Young,33,0.124758,439.494,13.303,PHX,-0.8,-1.8,-2.6,0.104012,209,460,316
2024,201580,JaVale McGee,46,0.216028,339.38,7.36957,SAC,-1.9,-0.7,-2.6,0.0805297,303,287,317
2024,1630186,Jahmi'us Ramsey,7,0.181495,121.085,17.2857,TOR,-2.9,0.3,-2.6,0.00347331,400,153,318
2024,1629646,Charles Bassey,19,0.110895,205.283,10.7895,SAS,-2.0,-0.6,-2.6,0.0471764,320,260,319
2024,201568,Danilo Gallinari,49,0.172746,629.326,12.8367,MIL,-0.8,-1.8,-2.6,0.12909,213,458,320
2024,202066,Garrett Temple,27,0.147143,288.744,10.6667,TOR,-3.1,0.5,-2.6,0.0632764,414,139,321
2024,1629052,Oshae Brissett,55,0.13909,630.154,11.4545,BOS,-2.3,-0.4,-2.6,0.134577,346,236,322
2024,1628971,Bruce Brown,67,0.162403,1865.39,27.8358,TOR,-1.0,-1.6,-2.7,0.37395,232,438,323
2024,202330,Gordon Hayward,51,0.173898,1245.25,24.4118,OKC,-2.0,-0.6,-2.7,0.245684,328,265,324
2024,1630207,Nate Hinton,15,0.158163,74.5412,4.93333,HOU,-1.5,-1.2,-2.7,0.0145612,265,376,325
2024,1641716,Jarace Walker,33,0.154299,340.413,10.303,IND,-2.3,-0.4,-2.7,0.0583678,350,239,326
2024,1630243,Trevelin Queen,14,0.137741,164.717,11.7143,ORL,-4.1,1.4,-2.7,0.0264848,474,67,327
2024,1630538,Bones Hyland,37,0.24168,540.227,14.5946,LAC,-2.1,-0.6,-2.7,0.0834768,332,266,328
2024,1631367,Jacob Gilyard,41,0.112289,698.414,17.0244,BKN,-0.8,-2.0,-2.8,0.0912082,200,477,329
2024,1629685,Dylan Windler,17,0.129032,108.402,6.35294,ATL,-0.8,-2.0,-2.8,0.0106588,211,474,330
2024,1628984,Devonte' Graham,23,0.17655,312.923,13.5652,SAS,-1.8,-1.0,-2.8,0.0360084,300,333,331
2024,1630240,Saben Lee,24,0.189815,184.975,7.66667,PHX,-2.6,-0.2,-2.8,0.0207729,373,211,332
2024,202687,Bismack Biyombo,40,0.106911,791.457,19.775,OKC,-3.3,0.5,-2.8,0.0659553,429,140,333
2024,1630537,Chris Duarte,59,0.147714,719.558,12.1864,SAC,-3.1,0.2,-2.8,0.0682807,409,159,334
2024,1631204,Marcus Sasser,71,0.195605,1351.15,19.0282,DET,-1.1,-1.7,-2.8,0.126628,233,453,335
2024,1628470,Torrey Craig,53,0.122358,1048.6,19.7736,CHI,-1.8,-1.0,-2.8,0.0801408,299,347,336
2024,1630561,David Duke Jr.,4,0.183333,51.35,12.75,SAS,-1.7,-1.1,-2.8,0.0026402,294,357,337
2024,1631173,Terquavion Smith,16,0.241228,84.4952,5.25,PHI,-1.5,-1.4,-2.9,0.00527454,267,410,338
2024,202083,Wesley Matthews,36,0.119342,412.872,11.4444,ATL,-3.7,0.8,-2.9,0.0156678,456,108,339
2024,1641710,Anthony Black,69,0.123313,1164.17,16.8696,ORL,-3.7,0.8,-2.9,0.0417764,457,109,340
2024,1631115,Orlando Robinson,36,0.142248,303.695,8.41667,MIA,-1.7,-1.2,-2.9,0.00849409,289,377,341
2024,1641707,Taylor Hendricks,40,0.134494,856.435,21.4,UTA,-1.8,-1.1,-2.9,0.0179544,298,366,342
2024,1629629,Cam Reddish,48,0.123667,984.077,20.5,LAL,-4.2,1.3,-2.9,0.00101946,484,70,343
2024,1630625,Dalano Banton,54,0.248514,1046.84,19.3704,POR,-1.9,-1.0,-3.0,-0.0291243,309,347,344
2024,1627777,Georges Niang,82,0.174319,1831.17,22.3293,CLE,-1.1,-1.9,-3.0,-0.0586958,238,467,345
2024,1631133,Jabari Walker,72,0.158411,1700.55,23.6111,POR,-1.9,-1.1,-3.0,-0.0614426,310,352,346
2024,1628995,Kevin Knox II,31,0.157664,560.22,18.0645,UTA,-2.0,-1.0,-3.0,-0.0123238,322,332,347
2024,203995,Vasilije Micic,60,0.190694,1175.79,19.5833,CHA,-1.1,-1.9,-3.0,-0.0579948,235,471,348
2024,1630219,Skylar Mays,38,0.17909,433.264,11.3947,LAL,-2.3,-0.7,-3.0,-0.0248174,353,280,349
2024,1631306,Cole Swider,18,0.228155,86.8017,4.77778,MIA,-2.6,-0.5,-3.1,-0.00878173,370,255,350
2024,1630551,Justin Champagnie,15,0.162912,234.838,15.6,WAS,-1.9,-1.2,-3.2,-0.0114877,307,381,351
2024,1630182,Josh Green,57,0.130274,1504.7,26.386,DAL,-1.5,-1.7,-3.2,-0.227692,269,447,352
2024,1630649,Stanley Umude,24,0.150685,307.145,12.7917,DET,-2.0,-1.1,-3.2,-0.0470595,326,362,353
2024,1630533,Ziaire Williams,51,0.193496,1037.7,20.3333,MEM,-3.5,0.3,-3.2,-0.163883,446,152,354
2024,201145,Jeff Green,78,0.152423,1307.3,16.7564,HOU,-2.1,-1.1,-3.2,-0.206948,333,350,355
2024,203469,Cody Zeller,42,0.115479,319.72,7.59524,NOP,-2.5,-0.7,-3.2,-0.0544857,365,279,356
2024,1631466,Nate Williams,22,0.170588,129.385,5.86364,HOU,-2.2,-1.0,-3.2,-0.0235413,340,340,357
2024,1626158,Richaun Holmes,40,0.142007,554.102,13.85,WAS,-1.9,-1.3,-3.2,-0.103945,306,391,358
2024,1629637,Jaxson Hayes,70,0.122756,877.143,12.5286,LAL,-2.3,-0.9,-3.2,-0.161597,351,320,359
2024,1627745,Damian Jones,39,0.150573,269.742,6.89744,CLE,-2.4,-0.8,-3.2,-0.052144,359,305,360
2024,1641767,Ben Sheppard,57,0.126494,814.245,14.2807,IND,-2.4,-0.8,-3.2,-0.158144,356,309,361
2024,1629669,Jaylen Nowell,13,0.176938,213.767,16.3846,DET,-3.2,-0.1,-3.2,-0.00813893,418,194,362
2024,1631116,Patrick Baldwin Jr.,38,0.153716,493.502,12.9737,WAS,-3.0,-0.3,-3.3,-0.10182,403,223,363
2024,1628365,Markelle Fultz,43,0.183491,909.967,21.1395,ORL,-2.9,-0.4,-3.3,-0.196302,397,232,364
2024,1641854,Craig Porter Jr.,51,0.202178,649.369,12.7255,CLE,-1.0,-2.2,-3.3,-0.141172,229,493,365
2024,202711,Bojan Bogdanovic,57,0.245305,1478.1,25.9298,NYK,-0.3,-3.0,-3.3,-0.327281,165,514,366
2024,203552,Seth Curry,43,0.160579,615.411,14.3023,CHA,-2.6,-0.7,-3.3,-0.141638,368,288,367
2024,1631197,Jared Rhoden,17,0.136283,245.01,14.4118,DET,-2.9,-0.5,-3.3,-0.0635415,394,247,368
2024,201599,DeAndre Jordan,36,0.147594,395.697,10.9722,DEN,-1.6,-1.7,-3.3,-0.107287,279,450,369
2024,1629599,Amir Coffey,70,0.119584,1460.56,20.8571,LAC,-2.0,-1.3,-3.3,-0.396348,325,395,370
2024,1630165,Killian Hayes,42,0.148802,1007.66,23.9762,DET,-2.2,-1.2,-3.4,-0.170863,337,372,371
2024,1641730,Noah Clowney,23,0.1375,369.858,16.0435,BKN,-2.3,-1.1,-3.4,-0.106008,348,355,372
2024,1629234,Drew Eubanks,75,0.130721,1168.71,15.5733,PHX,-3.2,-0.2,-3.4,-0.349995,424,210,373
2024,1630346,Matt Ryan,28,0.144362,390.407,13.9286,NOP,-2.1,-1.3,-3.4,-0.122739,329,404,374
2024,1630534,Ochai Agbaji,78,0.130534,1641.62,21.0385,TOR,-3.4,-0.0,-3.4,-0.531049,434,187,375
2024,201988,Patty Mills,32,0.15535,415.315,12.9688,MIA,-3.5,0.1,-3.4,-0.134524,444,179,376
2024,1627863,Danuel House Jr.,34,0.116585,509.065,14.9706,PHI,-3.7,0.3,-3.5,-0.111244,459,158,377
2024,1628966,Keita Bates-Diop,53,0.127854,664.59,12.5283,BKN,-3.3,-0.2,-3.5,-0.254937,430,215,378
2024,1629618,Jalen Pickett,27,0.165468,121.807,4.48148,DEN,-2.1,-1.4,-3.5,-0.04709,330,422,379
2024,1641718,Keyonte George,75,0.224389,2022.58,26.96,UTA,-1.6,-1.9,-3.5,-0.782102,276,472,380
2024,202722,Davis Bertans,43,0.169122,674.065,15.6744,CHA,-1.2,-2.3,-3.5,-0.268256,245,498,381
2024,1628981,Bruno Fernando,45,0.173114,682.312,15.1556,ATL,-2.5,-1.1,-3.5,-0.273816,364,349,382
2024,1630688,Ish Wainright,11,0.166667,62.39,5.63636,PHX,-3.7,0.1,-3.5,-0.016877,455,171,383
2024,1641775,Jordan Walsh,9,0.092233,83.4733,9.22222,BOS,-3.7,0.2,-3.5,-0.0337015,461,166,384
2024,1631097,Bennedict Mathurin,59,0.227333,1538.4,26.0678,IND,-1.9,-1.7,-3.5,-0.622565,302,446,385
2024,1626196,Josh Richardson,43,0.1607,1102.84,25.6279,MIA,-1.9,-1.6,-3.5,-0.446387,304,442,386
2024,1630231,Kenyon Martin Jr.,60,0.128291,746.509,12.4333,PHI,-3.5,-0.1,-3.6,-0.327226,439,199,387
2024,1630558,Davion Mitchell,72,0.15098,1101.16,15.2917,SAC,-2.3,-1.3,-3.6,-0.486427,349,398,388
2024,1628424,Kobi Simmons,4,0.142857,67.4333,16.75,TOR,-2.9,-0.8,-3.6,-0.00150724,392,295,389
2024,1630553,Keon Johnson,5,0.211921,61.4,12.2,BKN,-2.2,-1.4,-3.6,-0.0273724,343,413,390
2024,1626224,Cedi Osman,72,0.145813,1268.77,17.6111,SAS,-2.0,-1.7,-3.6,-0.590128,314,444,391
2024,1630592,Jalen Wilson,43,0.139086,661.945,15.3721,BKN,-1.9,-1.7,-3.6,-0.315596,311,448,392
2024,203490,Otto Porter Jr.,15,0.0835267,174.067,11.6,UTA,-3.5,-0.2,-3.6,-0.0642052,442,204,393
2024,1631169,Josh Minott,32,0.171315,91.4283,2.84375,MIN,-2.1,-1.5,-3.7,-0.0445378,334,427,394
2024,1629716,Marques Bolden,11,0.107914,121.283,11.0,CHA,-2.6,-1.0,-3.7,-0.0446965,374,344,395
2024,1641722,Jordan Hawkins,67,0.189568,1160.58,17.3134,NOP,-1.0,-2.7,-3.7,-0.595338,230,508,396
2024,1641724,Jett Howard,18,0.220126,66.5167,3.66667,ORL,-2.9,-0.8,-3.7,-0.0349305,398,301,397
2024,1631205,Buddy Boeheim,10,0.163366,84.0017,8.4,DET,-2.2,-1.5,-3.7,-0.0149009,341,429,398
2024,1630264,Anthony Gill,50,0.176944,466.48,9.32,WAS,-2.0,-1.7,-3.8,-0.26171,321,451,399
2024,1631321,Sidy Cissoko,12,0.125364,140.912,11.6667,SAS,-3.0,-0.7,-3.8,-0.0805431,408,294,400
2024,1629642,Nassir Little,45,0.133758,458.313,10.1778,PHX,-3.5,-0.3,-3.8,-0.263338,443,228,401
2024,1631121,Bryce McGowens,59,0.14883,881.586,14.9322,CHA,-3.2,-0.6,-3.8,-0.517615,426,257,402
2024,1629717,Armoni Brooks,10,0.185328,104.017,10.4,BKN,-2.2,-1.6,-3.8,-0.0268509,338,439,403
2024,1629670,Jordan Nwora,52,0.213509,711.383,13.6731,TOR,-2.3,-1.6,-3.8,-0.423176,347,432,404
2024,1630550,JT Thor,63,0.112554,780.638,12.381,CHA,-3.5,-0.3,-3.8,-0.47409,449,227,405
2024,1630531,Jaden Springer,49,0.16806,507.013,10.3469,BOS,-3.7,-0.1,-3.8,-0.306253,462,198,406
2024,1631262,Jules Bernard,19,0.191327,149.275,7.84211,WAS,-1.4,-2.5,-3.9,-0.0703962,261,503,407
2024,1631172,Ousmane Dieng,33,0.167256,364.982,11.0303,OKC,-2.7,-1.2,-3.9,-0.227946,377,374,408
2024,1641735,Amari Bailey,10,0.206667,64.6333,6.4,CHA,-3.1,-0.7,-3.9,-0.040423,415,285,409
2024,1630562,Matt Hurt,8,0.136691,113.238,14.125,MEM,-3.5,-0.3,-3.9,-0.00975184,450,231,410
2024,1630702,Jaden Hardy,73,0.240602,989.207,13.5479,DAL,-2.0,-1.9,-3.9,-0.650354,319,468,411
2024,203095,Evan Fournier,32,0.188288,579.673,18.0938,DET,-4.2,0.3,-3.9,-0.386439,482,156,412
2024,1629726,Garrison Mathews,66,0.11068,992.138,15.0303,ATL,-1.7,-2.2,-3.9,-0.654792,288,492,413
2024,1630846,Olivier Sarr,15,0.125541,98.2,6.53333,OKC,-2.5,-1.4,-3.9,-0.0652212,363,419,414
2024,1630164,James Wiseman,63,0.157511,1091.04,17.3175,DET,-2.2,-1.8,-4.0,-0.756825,336,455,415
2024,1631243,Mouhamed Gueye,6,0.139037,72.8,12.0,ATL,-3.3,-0.7,-4.0,-0.050695,431,273,416
2024,1629057,Robert Williams III,6,0.123288,118.75,19.6667,POR,-2.9,-1.1,-4.0,-0.0831349,393,358,417
2024,1630296,Braxton Key,20,0.146853,59.9843,2.95,DEN,-2.6,-1.3,-4.0,-0.0420011,375,401,418
2024,1641998,Trey Jemison,25,0.1311,574.902,22.96,MEM,-2.5,-1.4,-4.0,-0.204159,366,421,419
2024,1626246,Boban Marjanovic,14,0.24581,70.901,5.0,HOU,-2.1,-1.9,-4.0,-0.0512231,335,466,420
2024,1631257,Jermaine Samuels Jr.,14,0.0993377,60.1212,4.28571,HOU,-3.0,-1.0,-4.0,-0.0434541,404,338,421
2024,1630556,Kessler Edwards,54,0.134644,274.738,5.07407,SAC,-3.0,-1.1,-4.0,-0.20023,401,351,422
2024,1630658,Colin Castleton,16,0.15493,59.0767,3.6875,LAL,-2.7,-1.3,-4.0,-0.0432309,384,385,423
2024,1631311,Lester Quinones,37,0.172691,394.441,10.6486,GSW,-1.8,-2.3,-4.0,-0.292209,296,496,424
2024,1630201,Malachi Flynn,69,0.201349,876.902,12.6957,DET,-1.9,-2.1,-4.1,-0.673749,313,487,425
2024,1630696,Dru Smith,9,0.128713,130.9,14.4444,MIA,-2.8,-1.2,-4.1,-0.0744553,391,379,426
2024,1630192,Zeke Nnaji,58,0.151042,576.153,9.93103,DEN,-3.4,-0.7,-4.1,-0.458497,437,276,427
2024,203926,Doug McDermott,64,0.145852,904.482,14.125,IND,-1.1,-3.0,-4.1,-0.712278,234,515,428
2024,203933,T.J. Warren,11,0.149682,124.673,11.2727,MIN,-3.8,-0.4,-4.2,-0.0254376,464,238,429
2024,1631104,Blake Wesley,61,0.144408,875.924,14.3443,SAS,-3.2,-1.0,-4.2,-0.739336,423,335,430
2024,1631220,Dereon Seabron,6,0.123077,55.0833,9.16667,NOP,-3.7,-0.5,-4.2,-0.0475558,460,249,431
2024,1630197,Aleksej Pokusevski,28,0.171553,405.383,14.4643,CHA,-3.2,-1.1,-4.2,-0.34597,419,353,432
2024,1628385,Harry Giles III,22,0.238462,99.8532,4.5,LAL,-2.2,-2.0,-4.2,-0.0758805,342,482,433
2024,1630639,A.J. Lawson,42,0.181024,310.92,7.38095,DAL,-3.1,-1.2,-4.3,-0.282143,411,373,434
2024,1630678,Terry Taylor,31,0.106335,187.633,6.03226,CHI,-3.4,-0.9,-4.3,-0.160341,438,314,435
2024,1631223,David Roddy,65,0.17746,1176.96,18.0923,PHX,-3.9,-0.5,-4.4,-1.14994,468,248,436
2024,1629647,Darius Bazley,9,0.118785,151.825,16.7778,UTA,-2.8,-1.5,-4.4,-0.0400272,390,430,437
2024,1641732,Colby Jones,30,0.180258,191.749,6.36667,SAC,-3.7,-0.7,-4.4,-0.188959,454,291,438
2024,1631288,Jamal Cain,26,0.158576,259.085,9.96154,MIA,-3.1,-1.3,-4.5,-0.266996,413,400,439
2024,1626192,Pat Connaughton,76,0.106367,1676.29,22.0526,MIL,-2.5,-2.0,-4.5,-1.82558,367,478,440
2024,1629650,Moses Brown,22,0.177645,199.987,9.04545,POR,-2.7,-1.8,-4.5,-0.218471,378,463,441
2024,1641778,Leaky Black,26,0.0989346,284.053,10.9231,CHA,-3.1,-1.5,-4.6,-0.315626,412,424,442
2024,202694,Marcus Morris Sr.,49,0.163542,816.988,16.6531,CLE,-2.6,-2.0,-4.6,-0.813644,371,481,443
2024,1631108,Max Christie,67,0.13253,944.337,14.0896,LAL,-3.9,-0.7,-4.6,-1.06886,466,290,444
2024,1631124,Julian Strawther,50,0.196659,545.408,10.9,DEN,-2.8,-1.8,-4.6,-0.620711,389,462,445
2024,1641731,Bilal Coulibaly,63,0.140127,1715.26,27.2222,WAS,-4.0,-0.6,-4.6,-1.97538,472,264,446
2024,1630699,MarJon Beauchamp,48,0.14266,607.685,12.6458,MIL,-3.0,-1.6,-4.7,-0.71235,406,440,447
2024,202709,Cory Joseph,26,0.109875,295.885,11.3462,IND,-3.3,-1.3,-4.7,-0.208484,432,402,448
2024,1641787,Tosan Evbuomwan,17,0.109412,366.581,21.5294,DET,-2.6,-2.1,-4.7,-0.189281,376,485,449
2024,1630600,Isaiah Mobley,10,0.161491,71.9217,7.1,CLE,-3.5,-1.3,-4.7,-0.0886468,441,387,450
2024,201577,Robin Lopez,16,0.141026,64.703,4.0,MIL,-3.7,-1.0,-4.8,-0.0515124,463,343,451
2024,1630526,Jeremiah Robinson-Earl,39,0.144254,334.342,8.5641,NOP,-2.9,-2.0,-4.8,-0.403503,395,473,452
2024,1628962,Udoka Azubuike,16,0.121771,112.848,7.0,PHX,-3.4,-1.4,-4.8,-0.145528,436,416,453
2024,1627788,Furkan Korkmaz,35,0.126876,299.978,8.54286,PHI,-3.3,-1.6,-4.8,-0.237045,428,433,454
2024,1629216,Gabe Vincent,11,0.104962,218.508,19.8182,LAL,-5.6,0.7,-4.8,-0.28379,509,112,455
2024,1631112,Kendall Brown,15,0.135484,62.5083,4.13333,IND,-3.5,-1.3,-4.9,-0.0818345,448,399,456
2024,1630554,Jason Preston,7,0.12069,71.1333,10.1429,UTA,-3.1,-1.8,-4.9,-0.0517232,417,456,457
2024,1641723,Kobe Bufkin,17,0.221987,196.003,11.5294,ATL,-3.8,-1.2,-5.0,-0.270212,465,369,458
2024,203488,Mike Muscala,53,0.132075,600.19,11.3208,OKC,-3.5,-1.4,-5.0,-0.808915,447,420,459
2024,1630209,Omer Yurtseven,48,0.171922,545.083,11.3542,UTA,-2.0,-2.9,-5.0,-0.762055,327,513,460
2024,1630703,Scoot Henderson,62,0.260284,1765.39,28.4677,POR,-2.5,-2.6,-5.0,-2.51815,362,506,461
2024,1631241,Javon Freeman-Liberty,22,0.171107,403.038,18.3182,TOR,-2.8,-2.3,-5.0,-0.571277,385,497,462
2024,1629678,Admiral Schofield,23,0.168421,84.3617,3.65217,ORL,-3.6,-1.5,-5.1,-0.126124,452,426,463
2024,1641753,Chris Livingston,21,0.13615,90.5275,4.28571,MIL,-4.2,-1.0,-5.2,-0.137026,481,334,464
2024,1630181,R.J. Hampton,8,0.0972973,76.0167,9.5,WAS,-4.1,-1.0,-5.2,-0.0800348,479,341,465
2024,1630285,Zavier Simpson,7,0.159036,162.25,23.1429,MEM,-4.9,-0.2,-5.2,-0.0270571,499,213,466
2024,200782,P.J. Tucker,31,0.0530576,486.322,15.6774,LAC,-4.5,-0.7,-5.2,-0.731592,489,283,467
2024,1630610,DeJon Jarreau,9,0.170213,149.547,16.5556,MEM,-4.0,-1.2,-5.2,-0.0250576,471,370,468
2024,1629003,Shake Milton,48,0.175389,581.155,12.1042,NYK,-4.1,-1.1,-5.2,-0.879247,478,354,469
2024,1631103,Malaki Branham,75,0.192855,1594.34,21.2533,SAS,-2.7,-2.4,-5.2,-2.45025,383,502,470
2024,1630579,Jericho Sims,45,0.0581655,584.775,12.9778,NYK,-3.6,-1.6,-5.2,-0.903318,453,434,471
2024,1641763,Julian Phillips,40,0.119384,322.557,8.05,CHI,-4.1,-1.2,-5.3,-0.51085,477,367,472
2024,1629643,Chuma Okeke,47,0.13219,431.73,9.17021,ORL,-4.5,-0.8,-5.3,-0.686777,490,303,473
2024,1629139,Yuta Watanabe,34,0.130237,464.417,13.6471,MEM,-4.8,-0.5,-5.3,-0.742576,495,253,474
2024,1629308,Juan Toscano-Anderson,11,0.10687,52.6668,4.72727,SAC,-4.5,-0.8,-5.3,-0.0185088,491,297,475
2024,1631303,Justin Minaya,34,0.09375,380.971,11.1765,POR,-4.8,-0.5,-5.3,-0.615338,497,254,476
2024,1629010,Jerome Robinson,22,0.189573,80.7167,3.63636,GSW,-4.3,-1.0,-5.3,-0.130917,486,339,477
2024,1641738,Kobe Brown,44,0.104712,393.979,8.93182,LAC,-4.1,-1.2,-5.3,-0.64282,476,383,478
2024,1641748,Andre Jackson Jr.,57,0.0986647,572.373,10.0351,MIL,-3.0,-2.3,-5.3,-0.937137,405,499,479
2024,1641729,Brice Sensabaugh,32,0.202151,584.363,18.25,UTA,-2.7,-2.7,-5.4,-0.993417,379,511,480
2024,203648,Thanasis Antetokounmpo,34,0.124654,155.413,4.55882,MIL,-5.2,-0.3,-5.4,-0.26496,504,222,481
2024,1641765,Olivier-Maxence Prosper,40,0.155213,336.212,8.4,DAL,-3.3,-2.2,-5.4,-0.575928,427,490,482
2024,1631102,TyTy Washington Jr.,11,0.169231,55.9217,5.0,MIL,-4.8,-0.7,-5.5,-0.0974942,496,292,483
2024,1641711,Gradey Dick,60,0.169508,1267.72,21.1167,TOR,-2.7,-2.9,-5.6,-2.33539,382,512,484
2024,1630184,Kira Lewis Jr.,28,0.179811,264.243,9.42857,UTA,-4.2,-1.5,-5.7,-0.489464,483,423,485
2024,1629875,Xavier Moon,14,0.175084,119.25,8.5,LAC,-3.9,-1.8,-5.7,-0.192071,469,454,486
2024,1641754,Seth Lundy,9,0.163934,51.9833,5.66667,ATL,-4.4,-1.3,-5.7,-0.0982583,488,403,487
2024,1630235,Trent Forrest,38,0.124336,413.759,10.8684,ATL,-4.1,-1.6,-5.7,-0.784725,475,441,488
2024,201959,Taj Gibson,20,0.0930736,204.195,10.2,DET,-5.1,-0.6,-5.8,-0.201379,503,268,489
2024,1630587,Isaiah Livers,23,0.123023,469.369,20.3913,WAS,-4.4,-1.4,-5.8,-0.864615,487,417,490
2024,203925,Joe Harris,16,0.10628,170.003,10.625,DET,-4.1,-1.7,-5.9,-0.207669,480,449,491
2024,1641712,Rayan Rupert,39,0.13119,633.225,16.2308,POR,-3.9,-2.0,-5.9,-1.29542,467,483,492
2024,1630314,Brandon Williams,17,0.240283,112.87,6.58824,DAL,-3.7,-2.3,-6.0,-0.145378,458,494,493
2024,1629677,Luka Samanic,43,0.211753,404.371,9.39535,UTA,-3.9,-2.1,-6.0,-0.840827,470,484,494
2024,1631123,Jamaree Bouyea,9,0.162996,94.9,10.4444,SAS,-5.3,-0.7,-6.0,-0.0676679,506,286,495
2024,1631298,Jack White,4,0.110429,63.6483,15.75,MEM,-5.6,-0.4,-6.0,-0.00653526,510,237,496
2024,1630641,Ibou Badji,22,0.0797774,225.816,10.2273,POR,-4.9,-1.2,-6.0,-0.397801,498,368,497
2024,1629117,Wenyen Gabriel,5,0.162437,81.0167,16.2,MEM,-5.6,-0.4,-6.1,-0.0105218,511,240,498
2024,1631111,Wendell Moore Jr.,25,0.105769,75.1182,3.0,MIN,-4.6,-1.6,-6.1,-0.164803,494,435,499
2024,1641733,Nick Smith Jr.,51,0.201813,728.701,14.2745,CHA,-3.1,-3.1,-6.2,-1.61073,410,517,500
2024,1641749,Keyontae Johnson,9,0.128205,66.2,7.33333,OKC,-5.1,-1.1,-6.2,-0.148113,502,363,501
2024,1628972,Troy Brown Jr.,59,0.140297,826.505,14.0,DET,-3.2,-3.1,-6.2,-1.89195,422,516,502
2024,1641931,Onuralp Bitim,23,0.151899,267.992,11.6087,CHI,-4.5,-2.0,-6.5,-0.648646,492,479,503
2024,202693,Markieff Morris,26,0.154851,216.383,8.30769,DAL,-4.6,-2.0,-6.5,-0.531724,493,475,504
2024,203493,Reggie Bullock Jr.,44,0.0922768,417.478,9.47727,HOU,-4.0,-2.7,-6.8,-1.08903,473,509,505
2024,1630527,Brandon Boston Jr.,32,0.240674,345.167,10.7812,LAC,-4.3,-2.5,-6.8,-0.916763,485,505,506
2024,1642013,Malik Williams,7,0.150198,106.508,15.1429,TOR,-5.4,-1.5,-6.9,-0.0248868,508,425,507
2024,1631098,Johnny Davis,50,0.118872,613.491,12.26,WAS,-5.2,-1.8,-7.0,-1.6926,505,459,508
2024,1631338,Mouhamadou Gueye,11,0.189474,119.942,10.8182,TOR,-7.1,0.0,-7.1,-0.0996593,517,184,509
2024,1641734,Emoni Bates,15,0.194079,132.817,8.8,CLE,-5.0,-2.4,-7.4,-0.401607,500,500,510
2024,1630177,Theo Maledon,17,0.173432,213.2,12.5294,PHX,-5.4,-2.1,-7.5,-0.478187,507,489,511
2024,1641851,Timmy Allen,5,0.0820189,126.318,25.2,MEM,-6.4,-1.2,-7.7,-0.0248466,515,378,512
2024,202397,Ish Smith,43,0.119515,740.834,17.2093,CHA,-5.0,-2.7,-7.7,-1.4866,501,510,513
2024,1629667,Jalen McDaniels,50,0.181255,538.009,10.76,TOR,-5.9,-2.3,-8.2,-1.9326,513,495,514
2024,1631100,AJ Griffin,20,0.168646,170.75,8.5,ATL,-5.8,-2.5,-8.3,-0.626491,512,504,515
2024,1641877,Nathan Mensah,25,0.0677966,306.649,12.24,CHA,-6.0,-2.6,-8.6,-0.552419,514,507,516
2024,1641720,Jalen Hood-Schifino,21,0.241509,108.985,5.14286,LAL,-6.9,-1.8,-8.7,-0.426791,516,461,517
2024,1641721,Maxwell Lewis,34,0.126984,102.816,3.0,LAL,-7.4,-1.8,-9.1,-0.436141,518,457,518
