,TEAM_ID,TEAM_NAME,TS_PCT,EFG_PCT,FTA_RATE,TM_TOV_PCT,OREB_PCT,OPP_TS_PCT,OPP_EFG_PCT,OPP_FTA_RATE,OPP_TOV_PCT,OPP_OREB_PCT,NET_RATING,OFF_RATING,DEF_RATING,year,RDEF_RATING,ROFF_RATING
0,1610612737,Atlanta Hawks,0.541,0.485,0.369,0.187,0.323,0.5374144029818722,0.484,0.251,0.127,0.319,-3.4,103.6,107.0,1997,1.5600000000000165,-1.8399999999999892
1,1610612766,Charlotte Hornets,0.535,0.492,0.257,0.149,0.355,0.5766521892240873,0.629,0.235,0.165,0.252,-10.6,107.1,117.7,1997,12.26000000000002,1.6600000000000108
2,1610612766,Charlotte Hornets,0.535,0.492,0.257,0.149,0.355,0.5293058987858601,0.629,0.235,0.165,0.252,-10.6,107.1,117.7,1997,12.26000000000002,1.6600000000000108
3,1610612741,Chicago Bulls,0.512,0.47,0.289,0.142,0.358,0.5284989506040224,0.469,0.389,0.186,0.307,5.9,106.0,100.1,1997,-5.339999999999989,0.5600000000000165
4,1610612765,Detroit Pistons,0.513,0.471,0.265,0.114,0.237,0.5162605930553782,0.496,0.338,0.19,0.317,-2.4,101.9,104.3,1997,-1.1399999999999864,-3.539999999999978
5,1610612745,Houston Rockets,0.566,0.516,0.369,0.167,0.348,0.5433451475334256,0.483,0.314,0.136,0.333,2.1,111.6,109.6,1997,4.160000000000011,6.160000000000011
6,1610612746,Los Angeles Clippers,0.527,0.476,0.382,0.136,0.268,0.5753077405971941,0.552,0.502,0.155,0.365,-13.9,104.9,118.9,1997,13.460000000000022,-0.5399999999999778
7,1610612746,Los Angeles Clippers,0.527,0.476,0.382,0.136,0.268,0.5464618665437098,0.552,0.502,0.155,0.365,-13.9,104.9,118.9,1997,13.460000000000022,-0.5399999999999778
8,1610612747,Los Angeles Lakers,0.544,0.481,0.485,0.149,0.317,0.533887427603126,0.468,0.445,0.166,0.328,0.3,106.7,106.4,1997,0.9600000000000222,1.2600000000000193
9,1610612748,Miami Heat,0.512,0.467,0.371,0.185,0.316,0.5336872490477088,0.442,0.331,0.163,0.307,0.2,98.1,97.9,1997,-7.539999999999978,-7.339999999999989
10,1610612750,Minnesota Timberwolves,0.516,0.487,0.203,0.104,0.316,0.5471954344025247,0.574,0.39,0.159,0.364,-11.7,111.2,122.9,1997,17.460000000000022,5.760000000000019
11,1610612752,New York Knicks,0.548,0.504,0.302,0.176,0.269,0.5322270888815246,0.474,0.37,0.173,0.316,2.2,102.2,100.0,1997,-5.4399999999999835,-3.2399999999999807
12,1610612753,Orlando Magic,0.501,0.448,0.345,0.145,0.265,0.5293294663967749,0.495,0.288,0.16,0.373,-8.4,98.6,107.0,1997,1.5600000000000165,-6.839999999999989
13,1610612756,Phoenix Suns,0.528,0.478,0.337,0.164,0.279,0.5485261086090912,0.516,0.327,0.141,0.333,-12.7,101.2,113.9,1997,8.460000000000022,-4.239999999999981
14,1610612757,Portland Trail Blazers,0.528,0.479,0.373,0.177,0.299,0.5501775860870486,0.496,0.554,0.145,0.335,-7.4,102.6,109.9,1997,4.460000000000022,-2.839999999999989
15,1610612760,Seattle SuperSonics,0.551,0.494,0.344,0.143,0.334,0.5353186254519752,0.491,0.341,0.174,0.342,4.5,110.3,105.8,1997,0.36000000000001364,4.860000000000014
16,1610612760,Seattle SuperSonics,0.551,0.494,0.344,0.143,0.334,0.5464199185525027,0.491,0.341,0.174,0.342,4.5,110.3,105.8,1997,0.36000000000001364,4.860000000000014
17,1610612762,Utah Jazz,0.547,0.485,0.408,0.152,0.335,0.5476262000106922,0.483,0.377,0.146,0.286,4.1,109.3,105.2,1997,-0.23999999999998067,3.8600000000000136
18,1610612764,Washington Bullets,0.563,0.505,0.405,0.207,0.328,0.5406080502426491,0.492,0.285,0.144,0.396,-6.3,105.6,111.8,1997,6.360000000000014,0.1600000000000108
19,1610612764,Washington Bullets,0.563,0.505,0.405,0.207,0.328,0.5460100885307748,0.492,0.285,0.144,0.396,-6.3,105.6,111.8,1997,6.360000000000014,0.1600000000000108
0,1610612737,Atlanta Hawks,0.528,0.495,0.305,0.15,0.291,0.5374144029818722,0.511,0.313,0.157,0.238,2.3,102.6,100.3,1998,-2.7368421052631646,-0.43684210526316747
1,1610612766,Charlotte Hornets,0.509,0.479,0.261,0.164,0.277,0.5766521892240873,0.48,0.303,0.143,0.324,-7.4,96.3,103.6,1998,0.5631578947368325,-6.736842105263165
2,1610612766,Charlotte Hornets,0.509,0.479,0.261,0.164,0.277,0.5293058987858601,0.48,0.303,0.143,0.324,-7.4,96.3,103.6,1998,0.5631578947368325,-6.736842105263165
3,1610612741,Chicago Bulls,0.523,0.472,0.367,0.146,0.37,0.5284989506040224,0.476,0.322,0.177,0.318,8.1,107.9,99.9,1998,-3.136842105263156,4.863157894736844
4,1610612739,Cleveland Cavaliers,0.524,0.449,0.573,0.219,0.344,0.5352899881196673,0.514,0.33,0.175,0.297,-8.6,96.7,105.3,1998,2.2631578947368354,-6.336842105263159
5,1610612745,Houston Rockets,0.478,0.416,0.395,0.145,0.277,0.5433451475334256,0.48,0.408,0.152,0.267,-8.0,94.4,102.5,1998,-0.5368421052631618,-8.636842105263156
6,1610612754,Indiana Pacers,0.556,0.499,0.422,0.168,0.297,0.5254515599343186,0.467,0.407,0.178,0.365,2.7,105.6,102.9,1998,-0.1368421052631561,2.5631578947368325
7,1610612747,Los Angeles Lakers,0.553,0.514,0.471,0.144,0.363,0.533887427603126,0.501,0.36,0.16,0.358,0.4,111.8,111.4,1998,8.363157894736844,8.763157894736835
8,1610612748,Miami Heat,0.529,0.483,0.425,0.155,0.239,0.5336872490477088,0.465,0.408,0.167,0.303,-2.7,99.5,102.3,1998,-0.7368421052631646,-3.536842105263162
9,1610612750,Minnesota Timberwolves,0.508,0.462,0.256,0.159,0.335,0.5471954344025247,0.512,0.295,0.157,0.33,-6.6,102.5,109.1,1998,6.0631578947368325,-0.5368421052631618
10,1610612751,New Jersey Nets,0.531,0.485,0.314,0.148,0.349,0.5610774257394637,0.515,0.403,0.159,0.38,-8.5,105.6,114.1,1998,11.063157894736833,2.5631578947368325
11,1610612751,New Jersey Nets,0.531,0.485,0.314,0.148,0.349,0.5227157551220436,0.515,0.403,0.159,0.38,-8.5,105.6,114.1,1998,11.063157894736833,2.5631578947368325
12,1610612752,New York Knicks,0.523,0.472,0.335,0.18,0.311,0.5322270888815246,0.481,0.433,0.157,0.26,-2.7,99.1,101.8,1998,-1.2368421052631646,-3.9368421052631675
13,1610612756,Phoenix Suns,0.492,0.459,0.249,0.119,0.263,0.5485261086090912,0.53,0.443,0.155,0.282,-7.2,100.3,107.5,1998,4.463157894736838,-2.7368421052631646
14,1610612757,Portland Trail Blazers,0.542,0.489,0.358,0.177,0.363,0.5501775860870486,0.531,0.555,0.127,0.304,-3.4,108.7,112.1,1998,9.063157894736833,5.663157894736841
15,1610612759,San Antonio Spurs,0.536,0.489,0.427,0.163,0.304,0.5176242042070931,0.453,0.28,0.121,0.273,3.6,103.4,99.7,1998,-3.336842105263159,0.3631578947368439
16,1610612760,Seattle SuperSonics,0.538,0.497,0.295,0.146,0.357,0.5353186254519752,0.516,0.323,0.161,0.37,-2.6,109.7,112.3,1998,9.263157894736835,6.663157894736841
17,1610612760,Seattle SuperSonics,0.538,0.497,0.295,0.146,0.357,0.5464199185525027,0.516,0.323,0.161,0.37,-2.6,109.7,112.3,1998,9.263157894736835,6.663157894736841
18,1610612762,Utah Jazz,0.526,0.477,0.347,0.165,0.297,0.5476262000106922,0.441,0.397,0.15,0.324,2.7,102.0,99.3,1998,-3.7368421052631646,-1.0368421052631618
0,1610612737,Atlanta Hawks,0.47,0.415,0.31,0.171,0.342,0.5374144029818722,0.461,0.251,0.158,0.297,-3.7,94.8,98.5,1999,-0.5250000000000057,-4.2250000000000085
1,1610612765,Detroit Pistons,0.487,0.452,0.192,0.147,0.306,0.5162605930553782,0.484,0.276,0.181,0.338,-3.2,98.5,101.7,1999,2.674999999999997,-0.5250000000000057
2,1610612745,Houston Rockets,0.517,0.463,0.351,0.142,0.342,0.5433451475334256,0.508,0.342,0.141,0.285,-3.6,103.7,107.3,1999,8.274999999999991,4.674999999999997
3,1610612754,Indiana Pacers,0.54,0.485,0.38,0.178,0.336,0.5254515599343186,0.453,0.347,0.147,0.321,4.4,105.3,100.9,1999,1.875,6.2749999999999915
4,1610612747,Los Angeles Lakers,0.508,0.473,0.367,0.152,0.306,0.533887427603126,0.481,0.417,0.163,0.314,-2.4,101.9,104.3,1999,5.2749999999999915,2.875
5,1610612748,Miami Heat,0.494,0.441,0.397,0.153,0.279,0.5336872490477088,0.471,0.295,0.153,0.286,-5.1,95.9,101.0,1999,1.9749999999999943,-3.125
6,1610612749,Milwaukee Bucks,0.542,0.484,0.391,0.176,0.308,0.5434879340264902,0.508,0.377,0.179,0.379,-10.7,102.9,113.6,1999,14.574999999999989,3.875
7,1610612750,Minnesota Timberwolves,0.453,0.412,0.226,0.167,0.348,0.5471954344025247,0.459,0.375,0.149,0.282,-6.9,92.5,99.4,1999,0.375,-6.525000000000006
8,1610612752,New York Knicks,0.501,0.451,0.322,0.154,0.291,0.5322270888815246,0.437,0.39,0.171,0.293,2.2,97.9,95.7,1999,-3.325000000000003,-1.125
9,1610612753,Orlando Magic,0.49,0.422,0.437,0.208,0.363,0.5293294663967749,0.452,0.335,0.179,0.41,-7.4,94.5,101.9,1999,2.875,-4.525000000000006
10,1610612755,Philadelphia 76ers,0.48,0.437,0.298,0.149,0.382,0.5406489300523624,0.451,0.401,0.19,0.358,0.7,100.6,99.9,1999,0.875,1.5749999999999886
11,1610612756,Phoenix Suns,0.512,0.473,0.269,0.151,0.264,0.5485261086090912,0.558,0.573,0.197,0.299,-10.8,99.6,110.4,1999,11.375,0.5749999999999886
12,1610612757,Portland Trail Blazers,0.518,0.451,0.452,0.163,0.288,0.5501775860870486,0.463,0.367,0.162,0.293,-0.4,99.8,100.3,1999,1.2749999999999915,0.7749999999999915
13,1610612758,Sacramento Kings,0.497,0.446,0.332,0.189,0.324,0.5260236870101391,0.46,0.306,0.176,0.35,-5.1,96.0,101.1,1999,2.0749999999999886,-3.0250000000000057
14,1610612759,San Antonio Spurs,0.535,0.48,0.406,0.171,0.274,0.5176242042070931,0.417,0.293,0.162,0.32,8.1,101.1,92.9,1999,-6.125,2.0749999999999886
15,1610612762,Utah Jazz,0.51,0.451,0.377,0.172,0.325,0.5476262000106922,0.435,0.419,0.161,0.29,1.8,99.4,97.6,1999,-1.4250000000000114,0.375
0,1610612766,Charlotte Hornets,0.525,0.46,0.36,0.175,0.357,0.5766521892240873,0.466,0.316,0.144,0.338,-3.7,102.8,106.5,2000,5.833333333333343,2.13333333333334
1,1610612766,Charlotte Hornets,0.525,0.46,0.36,0.175,0.357,0.5293058987858601,0.466,0.316,0.144,0.338,-3.7,102.8,106.5,2000,5.833333333333343,2.13333333333334
2,1610612765,Detroit Pistons,0.49,0.435,0.389,0.186,0.213,0.5162605930553782,0.512,0.34,0.185,0.252,-11.0,87.2,98.2,2000,-2.4666666666666544,-13.466666666666654
3,1610612754,Indiana Pacers,0.545,0.488,0.322,0.129,0.293,0.5254515599343186,0.481,0.32,0.128,0.306,3.1,108.9,105.7,2000,5.033333333333346,8.233333333333348
4,1610612747,Los Angeles Lakers,0.529,0.498,0.393,0.132,0.331,0.533887427603126,0.476,0.37,0.138,0.298,2.5,108.8,106.3,2000,5.63333333333334,8.13333333333334
5,1610612748,Miami Heat,0.493,0.451,0.328,0.161,0.304,0.5336872490477088,0.431,0.352,0.148,0.234,2.6,96.1,93.5,2000,-7.166666666666657,-4.566666666666663
6,1610612749,Milwaukee Bucks,0.52,0.479,0.266,0.129,0.318,0.5434879340264902,0.446,0.336,0.128,0.32,1.3,105.0,103.7,2000,3.0333333333333456,4.333333333333343
7,1610612750,Minnesota Timberwolves,0.506,0.467,0.229,0.141,0.316,0.5471954344025247,0.476,0.317,0.152,0.325,-1.5,102.4,103.9,2000,3.2333333333333485,1.7333333333333485
8,1610612752,New York Knicks,0.512,0.462,0.318,0.137,0.238,0.5322270888815246,0.442,0.328,0.144,0.317,-1.0,98.6,99.6,2000,-1.0666666666666629,-2.066666666666663
9,1610612755,Philadelphia 76ers,0.507,0.452,0.369,0.142,0.35,0.5406489300523624,0.49,0.31,0.149,0.311,-1.1,105.6,106.7,2000,6.033333333333346,4.933333333333337
10,1610612756,Phoenix Suns,0.474,0.435,0.274,0.166,0.335,0.5485261086090912,0.436,0.444,0.155,0.341,-4.6,95.2,99.8,2000,-0.86666666666666,-5.466666666666654
11,1610612757,Portland Trail Blazers,0.541,0.481,0.386,0.146,0.296,0.5501775860870486,0.478,0.366,0.151,0.289,5.7,106.3,100.6,2000,-0.06666666666666288,5.63333333333334
12,1610612758,Sacramento Kings,0.512,0.456,0.37,0.128,0.29,0.5260236870101391,0.488,0.305,0.12,0.381,-9.0,103.0,112.0,2000,11.333333333333343,2.333333333333343
13,1610612759,San Antonio Spurs,0.457,0.391,0.401,0.178,0.304,0.5176242042070931,0.421,0.215,0.166,0.31,-0.9,89.3,90.2,2000,-10.466666666666654,-11.36666666666666
14,1610612760,Seattle SuperSonics,0.519,0.481,0.291,0.162,0.321,0.5353186254519752,0.508,0.273,0.176,0.309,-2.0,103.1,105.1,2000,4.433333333333337,2.433333333333337
15,1610612760,Seattle SuperSonics,0.519,0.481,0.291,0.162,0.321,0.5464199185525027,0.508,0.273,0.176,0.309,-2.0,103.1,105.1,2000,4.433333333333337,2.433333333333337
16,1610612761,Toronto Raptors,0.477,0.403,0.419,0.161,0.34,0.5570667849211156,0.493,0.433,0.182,0.246,-5.6,94.0,99.6,2000,-1.0666666666666629,-6.666666666666657
17,1610612762,Utah Jazz,0.519,0.475,0.318,0.168,0.298,0.5476262000106922,0.483,0.36,0.16,0.315,-5.3,99.8,105.1,2000,4.433333333333337,-0.86666666666666
0,1610612766,Charlotte Hornets,0.521,0.462,0.402,0.134,0.325,0.5766521892240873,0.47,0.275,0.165,0.305,7.5,106.1,98.6,2001,-2.0705882352941245,5.4294117647058755
1,1610612766,Charlotte Hornets,0.521,0.462,0.402,0.134,0.325,0.5293058987858601,0.47,0.275,0.165,0.305,7.5,106.1,98.6,2001,-2.0705882352941245,5.4294117647058755
2,1610612742,Dallas Mavericks,0.501,0.436,0.317,0.13,0.306,0.5584507652012035,0.491,0.354,0.151,0.318,-4.4,103.0,107.4,2001,6.729411764705887,2.329411764705881
3,1610612754,Indiana Pacers,0.482,0.436,0.228,0.142,0.302,0.5254515599343186,0.444,0.352,0.125,0.369,-6.5,99.4,105.9,2001,5.229411764705887,-1.2705882352941131
4,1610612747,Los Angeles Lakers,0.542,0.505,0.375,0.149,0.356,0.533887427603126,0.433,0.325,0.149,0.282,13.4,109.8,96.4,2001,-4.270588235294113,9.129411764705878
5,1610612748,Miami Heat,0.484,0.447,0.267,0.202,0.233,0.5336872490477088,0.496,0.457,0.153,0.313,-25.4,84.8,110.2,2001,9.529411764705884,-15.870588235294122
6,1610612749,Milwaukee Bucks,0.526,0.476,0.294,0.144,0.329,0.5434879340264902,0.447,0.332,0.128,0.334,1.2,106.0,104.8,2001,4.129411764705878,5.329411764705881
7,1610612750,Minnesota Timberwolves,0.461,0.406,0.27,0.144,0.305,0.5471954344025247,0.47,0.355,0.158,0.27,-7.3,92.7,100.0,2001,-0.6705882352941188,-7.970588235294116
8,1610612752,New York Knicks,0.545,0.496,0.328,0.163,0.234,0.5322270888815246,0.462,0.316,0.157,0.341,-4.3,99.1,103.4,2001,2.729411764705887,-1.5705882352941245
9,1610612753,Orlando Magic,0.511,0.479,0.273,0.116,0.29,0.5293294663967749,0.453,0.429,0.123,0.383,-5.6,105.9,111.6,2001,10.929411764705875,5.229411764705887
10,1610612755,Philadelphia 76ers,0.498,0.445,0.332,0.14,0.352,0.5406489300523624,0.486,0.261,0.152,0.307,-0.1,104.3,104.5,2001,3.829411764705881,3.6294117647058783
11,1610612756,Phoenix Suns,0.445,0.404,0.254,0.14,0.303,0.5485261086090912,0.434,0.352,0.179,0.361,-10.4,89.8,100.3,2001,-0.37058823529412166,-10.870588235294122
12,1610612757,Portland Trail Blazers,0.507,0.454,0.341,0.162,0.231,0.5501775860870486,0.486,0.335,0.125,0.376,-14.3,96.4,110.7,2001,10.029411764705884,-4.270588235294113
13,1610612758,Sacramento Kings,0.495,0.432,0.333,0.169,0.344,0.5260236870101391,0.448,0.365,0.149,0.319,0.4,99.5,99.1,2001,-1.5705882352941245,-1.1705882352941188
14,1610612759,San Antonio Spurs,0.521,0.475,0.353,0.154,0.273,0.5176242042070931,0.442,0.266,0.131,0.33,-0.7,100.9,101.6,2001,0.9294117647058755,0.22941176470588687
15,1610612761,Toronto Raptors,0.52,0.481,0.262,0.154,0.321,0.5570667849211156,0.477,0.331,0.156,0.307,1.6,104.6,103.0,2001,2.329411764705881,3.9294117647058755
16,1610612762,Utah Jazz,0.503,0.447,0.332,0.14,0.312,0.5476262000106922,0.468,0.386,0.148,0.291,-4.1,103.0,107.1,2001,6.4294117647058755,2.329411764705881
0,1610612738,Boston Celtics,0.515,0.469,0.292,0.155,0.277,0.5361729891096827,0.45,0.35,0.161,0.277,3.2,99.9,96.7,2002,-4.25789473684209,-1.057894736842087
1,1610612766,Charlotte Hornets,0.505,0.449,0.399,0.157,0.36,0.5766521892240873,0.454,0.386,0.141,0.303,0.4,101.9,101.5,2002,0.5421052631579073,0.942105263157913
2,1610612766,Charlotte Hornets,0.505,0.449,0.399,0.157,0.36,0.5293058987858601,0.454,0.386,0.141,0.303,0.4,101.9,101.5,2002,0.5421052631579073,0.942105263157913
3,1610612742,Dallas Mavericks,0.55,0.499,0.287,0.126,0.281,0.5584507652012035,0.493,0.379,0.15,0.344,-0.2,110.1,110.3,2002,9.342105263157904,9.142105263157902
4,1610612765,Detroit Pistons,0.497,0.454,0.304,0.168,0.265,0.5162605930553782,0.446,0.258,0.18,0.334,-0.7,95.3,96.0,2002,-4.957894736842093,-5.6578947368420955
5,1610612754,Indiana Pacers,0.533,0.489,0.297,0.192,0.239,0.5254515599343186,0.448,0.284,0.154,0.289,1.2,96.6,95.4,2002,-5.557894736842087,-4.357894736842098
6,1610612747,Los Angeles Lakers,0.527,0.482,0.349,0.148,0.319,0.533887427603126,0.455,0.324,0.14,0.317,3.9,105.2,101.3,2002,0.34210526315790446,4.24210526315791
7,1610612750,Minnesota Timberwolves,0.53,0.475,0.428,0.161,0.327,0.5471954344025247,0.521,0.316,0.11,0.238,-11.0,104.8,115.8,2002,14.842105263157904,3.8421052631579045
8,1610612751,New Jersey Nets,0.503,0.457,0.324,0.15,0.314,0.5610774257394637,0.472,0.383,0.164,0.302,-0.2,100.6,100.7,2002,-0.25789473684208986,-0.3578947368420984
9,1610612751,New Jersey Nets,0.503,0.457,0.324,0.15,0.314,0.5227157551220436,0.472,0.383,0.164,0.302,-0.2,100.6,100.7,2002,-0.25789473684208986,-0.3578947368420984
10,1610612753,Orlando Magic,0.509,0.451,0.395,0.126,0.24,0.5293294663967749,0.445,0.407,0.15,0.367,-5.8,98.2,103.9,2002,2.942105263157913,-2.75789473684209
11,1610612755,Philadelphia 76ers,0.508,0.44,0.435,0.161,0.315,0.5406489300523624,0.541,0.223,0.152,0.245,-10.1,99.6,109.6,2002,8.642105263157902,-1.3578947368420984
12,1610612757,Portland Trail Blazers,0.485,0.423,0.337,0.159,0.352,0.5501775860870486,0.487,0.444,0.145,0.239,-6.2,98.9,105.1,2002,4.142105263157902,-2.057894736842087
13,1610612758,Sacramento Kings,0.529,0.478,0.363,0.153,0.318,0.5260236870101391,0.46,0.299,0.151,0.335,2.7,105.0,102.3,2002,1.3421052631579045,4.042105263157907
14,1610612759,San Antonio Spurs,0.518,0.465,0.349,0.128,0.302,0.5176242042070931,0.466,0.256,0.131,0.319,3.8,105.3,101.5,2002,0.5421052631579073,4.3421052631579045
15,1610612760,Seattle SuperSonics,0.49,0.46,0.239,0.124,0.303,0.5353186254519752,0.503,0.353,0.114,0.306,-12.2,100.5,112.6,2002,11.642105263157902,-0.4578947368420927
16,1610612760,Seattle SuperSonics,0.49,0.46,0.239,0.124,0.303,0.5464199185525027,0.503,0.353,0.114,0.306,-12.2,100.5,112.6,2002,11.642105263157902,-0.4578947368420927
17,1610612761,Toronto Raptors,0.486,0.444,0.267,0.184,0.379,0.5570667849211156,0.468,0.365,0.173,0.289,-3.7,96.3,100.0,2002,-0.9578947368420927,-4.6578947368420955
18,1610612762,Utah Jazz,0.482,0.437,0.34,0.182,0.382,0.5476262000106922,0.436,0.407,0.191,0.317,-1.4,97.0,98.3,2002,-2.6578947368420955,-3.9578947368420927
0,1610612738,Boston Celtics,0.528,0.477,0.303,0.157,0.238,0.5361729891096827,0.449,0.404,0.16,0.318,-0.4,100.4,100.8,2003,-2.061111111111117,-2.4611111111111086
1,1610612742,Dallas Mavericks,0.546,0.503,0.245,0.131,0.279,0.5584507652012035,0.494,0.38,0.143,0.322,-0.3,108.8,109.1,2003,6.23888888888888,5.938888888888883
2,1610612765,Detroit Pistons,0.515,0.455,0.416,0.15,0.285,0.5162605930553782,0.459,0.327,0.168,0.316,1.3,100.7,99.4,2003,-3.4611111111111086,-2.1611111111111114
3,1610612754,Indiana Pacers,0.496,0.422,0.418,0.155,0.342,0.5254515599343186,0.492,0.312,0.138,0.245,-6.6,100.0,106.6,2003,3.73888888888888,-2.8611111111111143
4,1610612747,Los Angeles Lakers,0.529,0.491,0.313,0.144,0.3,0.533887427603126,0.5,0.33,0.145,0.269,0.2,105.3,105.2,2003,2.3388888888888886,2.438888888888883
5,1610612749,Milwaukee Bucks,0.541,0.499,0.312,0.143,0.26,0.5434879340264902,0.494,0.397,0.171,0.374,-4.3,104.8,109.1,2003,6.23888888888888,1.9388888888888829
6,1610612750,Minnesota Timberwolves,0.544,0.492,0.319,0.162,0.278,0.5471954344025247,0.498,0.305,0.123,0.31,-6.3,103.1,109.4,2003,6.538888888888891,0.23888888888888005
7,1610612751,New Jersey Nets,0.506,0.453,0.336,0.164,0.339,0.5610774257394637,0.464,0.342,0.165,0.268,3.5,100.9,97.4,2003,-5.461111111111109,-1.9611111111111086
8,1610612751,New Jersey Nets,0.506,0.453,0.336,0.164,0.339,0.5227157551220436,0.464,0.342,0.165,0.268,3.5,100.9,97.4,2003,-5.461111111111109,-1.9611111111111086
9,1610612740,New Orleans Hornets,0.526,0.479,0.328,0.164,0.338,0.5366397607613063,0.471,0.374,0.161,0.348,-2.1,104.1,106.2,2003,3.3388888888888886,1.23888888888888
10,1610612740,New Orleans Hornets,0.526,0.479,0.328,0.164,0.338,0.5690436635487017,0.471,0.374,0.161,0.348,-2.1,104.1,106.2,2003,3.3388888888888886,1.23888888888888
11,1610612753,Orlando Magic,0.517,0.459,0.357,0.171,0.273,0.5293294663967749,0.462,0.443,0.152,0.348,-8.1,97.8,105.9,2003,3.0388888888888914,-5.061111111111117
12,1610612755,Philadelphia 76ers,0.527,0.468,0.345,0.167,0.345,0.5406489300523624,0.473,0.358,0.157,0.299,0.7,103.4,102.6,2003,-0.26111111111111995,0.5388888888888914
13,1610612756,Phoenix Suns,0.456,0.414,0.265,0.172,0.303,0.5485261086090912,0.438,0.432,0.197,0.36,-5.7,90.8,96.4,2003,-6.461111111111109,-12.061111111111117
14,1610612757,Portland Trail Blazers,0.551,0.501,0.373,0.152,0.381,0.5501775860870486,0.507,0.269,0.125,0.29,0.9,112.2,111.3,2003,8.438888888888883,9.338888888888889
15,1610612758,Sacramento Kings,0.549,0.499,0.341,0.137,0.319,0.5260236870101391,0.495,0.281,0.146,0.335,2.3,110.2,107.9,2003,5.038888888888891,7.338888888888889
16,1610612759,San Antonio Spurs,0.525,0.476,0.399,0.164,0.314,0.5176242042070931,0.439,0.277,0.161,0.296,5.8,102.2,96.4,2003,-6.461111111111109,-0.6611111111111114
17,1610612762,Utah Jazz,0.511,0.446,0.386,0.179,0.403,0.5476262000106922,0.516,0.355,0.149,0.359,-12.1,101.8,113.8,2003,10.938888888888883,-1.0611111111111171
0,1610612738,Boston Celtics,0.513,0.445,0.383,0.217,0.277,0.5361729891096827,0.501,0.269,0.139,0.322,-17.5,92.9,110.4,2004,14.088888888888903,-3.411111111111097
1,1610612742,Dallas Mavericks,0.466,0.422,0.245,0.138,0.397,0.5584507652012035,0.481,0.287,0.167,0.303,1.0,101.2,100.2,2004,3.8888888888889,4.8888888888889
2,1610612743,Denver Nuggets,0.479,0.452,0.193,0.155,0.341,0.56445644549594,0.503,0.348,0.179,0.288,-4.4,98.7,103.1,2004,6.788888888888891,2.3888888888889
3,1610612765,Detroit Pistons,0.493,0.439,0.359,0.167,0.335,0.5162605930553782,0.423,0.315,0.174,0.294,7.4,97.7,90.3,2004,-6.011111111111106,1.3888888888889
4,1610612745,Houston Rockets,0.501,0.458,0.306,0.186,0.274,0.5433451475334256,0.458,0.355,0.114,0.258,-5.1,93.8,98.9,2004,2.588888888888903,-2.5111111111111057
5,1610612754,Indiana Pacers,0.497,0.448,0.33,0.156,0.288,0.5254515599343186,0.422,0.348,0.179,0.299,5.1,98.1,93.0,2004,-3.311111111111103,1.7888888888888914
6,1610612747,Los Angeles Lakers,0.508,0.477,0.375,0.142,0.277,0.533887427603126,0.456,0.33,0.165,0.306,0.4,99.1,98.8,2004,2.4888888888888943,2.7888888888888914
7,1610612763,Memphis Grizzlies,0.504,0.45,0.324,0.162,0.249,0.5594918289679874,0.561,0.351,0.185,0.327,-15.9,94.9,110.8,2004,14.488888888888894,-1.4111111111110972
8,1610612748,Miami Heat,0.489,0.433,0.343,0.161,0.311,0.5336872490477088,0.445,0.347,0.181,0.3,-0.2,95.9,96.0,2004,-0.3111111111111029,-0.4111111111110972
9,1610612749,Milwaukee Bucks,0.49,0.447,0.278,0.181,0.307,0.5434879340264902,0.494,0.315,0.155,0.365,-13.9,94.5,108.4,2004,12.088888888888903,-1.811111111111103
10,1610612750,Minnesota Timberwolves,0.527,0.479,0.302,0.165,0.281,0.5471954344025247,0.463,0.307,0.139,0.307,0.2,101.3,101.1,2004,4.788888888888891,4.988888888888894
11,1610612751,New Jersey Nets,0.512,0.454,0.416,0.201,0.314,0.5610774257394637,0.419,0.334,0.173,0.324,2.8,95.6,92.8,2004,-3.5111111111111057,-0.7111111111111086
12,1610612751,New Jersey Nets,0.512,0.454,0.416,0.201,0.314,0.5227157551220436,0.419,0.334,0.173,0.324,2.8,95.6,92.8,2004,-3.5111111111111057,-0.7111111111111086
13,1610612740,New Orleans Hornets,0.472,0.422,0.272,0.194,0.327,0.5366397607613063,0.431,0.338,0.171,0.318,-3.4,91.1,94.5,2004,-1.811111111111103,-5.211111111111109
14,1610612740,New Orleans Hornets,0.472,0.422,0.272,0.194,0.327,0.5690436635487017,0.431,0.338,0.171,0.318,-3.4,91.1,94.5,2004,-1.811111111111103,-5.211111111111109
15,1610612752,New York Knicks,0.461,0.411,0.316,0.177,0.319,0.5322270888815246,0.505,0.448,0.207,0.337,-14.1,91.3,105.4,2004,9.088888888888903,-5.011111111111106
16,1610612758,Sacramento Kings,0.507,0.46,0.299,0.15,0.292,0.5260236870101391,0.447,0.269,0.156,0.339,0.2,99.7,99.6,2004,3.2888888888888914,3.3888888888889
17,1610612759,San Antonio Spurs,0.515,0.485,0.314,0.176,0.327,0.5176242042070931,0.482,0.383,0.169,0.253,3.6,101.1,97.5,2004,1.188888888888897,4.788888888888891
0,1610612738,Boston Celtics,0.52,0.475,0.306,0.174,0.289,0.5361729891096827,0.444,0.452,0.178,0.304,-0.2,99.7,99.8,2005,-5.65789473684211,-5.757894736842104
1,1610612741,Chicago Bulls,0.521,0.472,0.368,0.157,0.337,0.5284989506040224,0.472,0.436,0.146,0.347,-1.9,105.9,107.7,2005,2.242105263157896,0.4421052631578988
2,1610612742,Dallas Mavericks,0.544,0.492,0.338,0.139,0.346,0.5584507652012035,0.525,0.324,0.148,0.327,-1.7,111.2,112.9,2005,7.442105263157899,5.742105263157896
3,1610612743,Denver Nuggets,0.49,0.431,0.387,0.14,0.277,0.56445644549594,0.487,0.419,0.152,0.326,-10.3,97.2,107.5,2005,2.042105263157893,-8.257894736842104
4,1610612765,Detroit Pistons,0.508,0.466,0.286,0.14,0.335,0.5162605930553782,0.47,0.309,0.164,0.289,5.2,103.8,98.6,2005,-6.857894736842113,-1.6578947368421098
5,1610612745,Houston Rockets,0.564,0.513,0.344,0.161,0.318,0.5433451475334256,0.498,0.394,0.149,0.356,-2.7,109.8,112.5,2005,7.042105263157893,4.34210526315789
6,1610612754,Indiana Pacers,0.496,0.434,0.361,0.174,0.305,0.5254515599343186,0.463,0.312,0.165,0.312,-3.2,96.8,100.0,2005,-5.457894736842107,-8.65789473684211
7,1610612763,Memphis Grizzlies,0.539,0.517,0.194,0.116,0.311,0.5594918289679874,0.57,0.405,0.119,0.314,-12.2,111.1,123.3,2005,17.84210526315789,5.642105263157887
8,1610612748,Miami Heat,0.568,0.533,0.409,0.165,0.27,0.5336872490477088,0.449,0.339,0.129,0.303,4.2,105.7,101.5,2005,-3.957894736842107,0.24210526315789593
9,1610612751,New Jersey Nets,0.491,0.432,0.369,0.132,0.3,0.5610774257394637,0.57,0.482,0.161,0.256,-13.3,98.5,111.7,2005,6.242105263157896,-6.957894736842107
10,1610612751,New Jersey Nets,0.491,0.432,0.369,0.132,0.3,0.5227157551220436,0.57,0.482,0.161,0.256,-13.3,98.5,111.7,2005,6.242105263157896,-6.957894736842107
11,1610612755,Philadelphia 76ers,0.513,0.479,0.256,0.14,0.256,0.5406489300523624,0.512,0.319,0.18,0.349,-9.2,99.1,108.3,2005,2.8421052631578902,-6.357894736842113
12,1610612756,Phoenix Suns,0.582,0.544,0.304,0.134,0.322,0.5485261086090912,0.508,0.26,0.128,0.345,4.5,116.7,112.2,2005,6.742105263157896,11.242105263157896
13,1610612758,Sacramento Kings,0.527,0.479,0.285,0.121,0.351,0.5260236870101391,0.508,0.406,0.15,0.377,-5.3,110.8,116.1,2005,10.642105263157887,5.34210526315789
14,1610612759,San Antonio Spurs,0.546,0.5,0.367,0.163,0.352,0.5176242042070931,0.471,0.286,0.139,0.326,4.9,109.1,104.2,2005,-1.257894736842104,3.6421052631578874
15,1610612760,Seattle SuperSonics,0.547,0.489,0.369,0.154,0.358,0.5353186254519752,0.493,0.375,0.147,0.351,-1.8,109.7,111.5,2005,6.042105263157893,4.242105263157896
16,1610612760,Seattle SuperSonics,0.547,0.489,0.369,0.154,0.358,0.5464199185525027,0.493,0.375,0.147,0.351,-1.8,109.7,111.5,2005,6.042105263157893,4.242105263157896
17,1610612764,Washington Wizards,0.515,0.459,0.409,0.144,0.332,0.5406080502426491,0.505,0.37,0.168,0.339,-2.2,105.2,107.4,2005,1.9421052631578988,-0.25789473684210407
18,1610612764,Washington Wizards,0.515,0.459,0.409,0.144,0.332,0.5460100885307748,0.505,0.37,0.168,0.339,-2.2,105.2,107.4,2005,1.9421052631578988,-0.25789473684210407
0,1610612741,Chicago Bulls,0.548,0.497,0.397,0.167,0.245,0.5284989506040224,0.514,0.375,0.166,0.313,-2.6,103.7,106.3,2006,0.34210526315787604,-2.2578947368421183
1,1610612739,Cleveland Cavaliers,0.515,0.465,0.322,0.164,0.346,0.5352899881196673,0.48,0.396,0.145,0.316,-3.9,102.7,106.6,2006,0.6421052631578732,-3.2578947368421183
2,1610612742,Dallas Mavericks,0.54,0.481,0.35,0.14,0.322,0.5584507652012035,0.506,0.393,0.157,0.258,4.4,108.7,104.4,2006,-1.5578947368421154,2.7421052631578817
3,1610612743,Denver Nuggets,0.449,0.397,0.308,0.127,0.325,0.56445644549594,0.493,0.37,0.188,0.271,-8.8,93.8,102.6,2006,-3.357894736842127,-12.157894736842124
4,1610612765,Detroit Pistons,0.528,0.478,0.382,0.138,0.317,0.5162605930553782,0.494,0.312,0.165,0.303,3.9,106.5,102.6,2006,-3.357894736842127,0.5421052631578789
5,1610612754,Indiana Pacers,0.543,0.491,0.386,0.181,0.281,0.5254515599343186,0.479,0.35,0.135,0.286,-4.2,102.1,106.3,2006,0.34210526315787604,-3.857894736842127
6,1610612746,Los Angeles Clippers,0.571,0.519,0.331,0.162,0.306,0.5753077405971941,0.479,0.279,0.115,0.28,4.5,110.2,105.7,2006,-0.2578947368421183,4.242105263157882
7,1610612746,Los Angeles Clippers,0.571,0.519,0.331,0.162,0.306,0.5464618665437098,0.479,0.279,0.115,0.28,4.5,110.2,105.7,2006,-0.2578947368421183,4.242105263157882
8,1610612747,Los Angeles Lakers,0.538,0.497,0.284,0.157,0.304,0.533887427603126,0.543,0.281,0.123,0.197,-7.7,105.2,112.9,2006,6.942105263157885,-0.7578947368421183
9,1610612763,Memphis Grizzlies,0.534,0.479,0.425,0.184,0.248,0.5594918289679874,0.487,0.358,0.147,0.382,-15.8,97.1,112.9,2006,6.942105263157885,-8.857894736842127
10,1610612748,Miami Heat,0.559,0.525,0.427,0.169,0.284,0.5336872490477088,0.47,0.354,0.156,0.265,3.5,104.6,101.1,2006,-4.857894736842127,-1.3578947368421268
11,1610612749,Milwaukee Bucks,0.545,0.504,0.267,0.147,0.296,0.5434879340264902,0.544,0.452,0.117,0.327,-9.9,108.4,118.3,2006,12.342105263157876,2.4421052631578846
12,1610612751,New Jersey Nets,0.538,0.487,0.351,0.142,0.275,0.5610774257394637,0.517,0.434,0.165,0.263,-0.6,105.3,105.9,2006,-0.057894736842115435,-0.657894736842124
13,1610612751,New Jersey Nets,0.538,0.487,0.351,0.142,0.275,0.5227157551220436,0.517,0.434,0.165,0.263,-0.6,105.3,105.9,2006,-0.057894736842115435,-0.657894736842124
14,1610612756,Phoenix Suns,0.579,0.538,0.259,0.121,0.231,0.5485261086090912,0.507,0.299,0.142,0.33,1.3,112.4,111.1,2006,5.142105263157873,6.442105263157885
15,1610612758,Sacramento Kings,0.536,0.477,0.369,0.143,0.317,0.5260236870101391,0.566,0.376,0.146,0.271,-9.8,107.2,117.0,2006,11.042105263157879,1.2421052631578817
16,1610612759,San Antonio Spurs,0.587,0.533,0.42,0.145,0.254,0.5176242042070931,0.486,0.388,0.136,0.316,2.4,112.0,109.6,2006,3.642105263157873,6.042105263157879
17,1610612764,Washington Wizards,0.545,0.488,0.424,0.138,0.301,0.5406080502426491,0.489,0.352,0.166,0.371,0.4,108.9,108.6,2006,2.642105263157873,2.9421052631578846
18,1610612764,Washington Wizards,0.545,0.488,0.424,0.138,0.301,0.5460100885307748,0.489,0.352,0.166,0.371,0.4,108.9,108.6,2006,2.642105263157873,2.9421052631578846
0,1610612741,Chicago Bulls,0.522,0.469,0.39,0.17,0.328,0.5284989506040224,0.475,0.322,0.157,0.297,1.7,102.6,100.9,2007,-1.6999999999999886,0.0
1,1610612739,Cleveland Cavaliers,0.506,0.456,0.341,0.148,0.317,0.5352899881196673,0.464,0.321,0.156,0.27,1.8,101.1,99.3,2007,-3.299999999999997,-1.5
2,1610612742,Dallas Mavericks,0.524,0.466,0.371,0.172,0.35,0.5584507652012035,0.53,0.371,0.16,0.305,-7.4,103.7,111.1,2007,8.5,1.1000000000000085
3,1610612743,Denver Nuggets,0.498,0.452,0.264,0.172,0.342,0.56445644549594,0.493,0.195,0.138,0.314,-6.8,99.5,106.3,2007,3.700000000000003,-3.0999999999999943
4,1610612765,Detroit Pistons,0.522,0.468,0.346,0.151,0.318,0.5162605930553782,0.462,0.407,0.166,0.328,3.2,104.0,100.8,2007,-1.7999999999999972,1.4000000000000057
5,1610612744,Golden State Warriors,0.563,0.518,0.376,0.153,0.28,0.5375380269448066,0.493,0.396,0.198,0.388,2.2,109.2,107.1,2007,4.5,6.6000000000000085
6,1610612745,Houston Rockets,0.52,0.46,0.363,0.167,0.274,0.5433451475334256,0.467,0.26,0.135,0.302,-3.7,97.9,101.6,2007,-1.0,-4.699999999999989
7,1610612747,Los Angeles Lakers,0.513,0.479,0.251,0.159,0.327,0.533887427603126,0.528,0.296,0.13,0.31,-10.7,102.7,113.4,2007,10.800000000000011,0.10000000000000853
8,1610612748,Miami Heat,0.512,0.482,0.365,0.161,0.232,0.5336872490477088,0.505,0.317,0.158,0.318,-12.0,96.7,108.7,2007,6.1000000000000085,-5.8999999999999915
9,1610612751,New Jersey Nets,0.539,0.497,0.318,0.179,0.26,0.5610774257394637,0.463,0.343,0.156,0.26,2.4,100.4,98.0,2007,-4.599999999999994,-2.1999999999999886
10,1610612751,New Jersey Nets,0.539,0.497,0.318,0.179,0.26,0.5227157551220436,0.463,0.343,0.156,0.26,2.4,100.4,98.0,2007,-4.599999999999994,-2.1999999999999886
11,1610612753,Orlando Magic,0.519,0.495,0.394,0.172,0.316,0.5293294663967749,0.495,0.425,0.121,0.307,-9.2,102.6,111.8,2007,9.200000000000003,0.0
12,1610612756,Phoenix Suns,0.562,0.52,0.298,0.146,0.292,0.5485261086090912,0.492,0.291,0.157,0.303,5.2,109.8,104.6,2007,2.0,7.200000000000003
13,1610612759,San Antonio Spurs,0.547,0.508,0.317,0.155,0.29,0.5176242042070931,0.471,0.302,0.159,0.316,4.3,106.5,102.2,2007,-0.3999999999999915,3.9000000000000057
14,1610612761,Toronto Raptors,0.536,0.478,0.347,0.161,0.228,0.5570667849211156,0.521,0.299,0.174,0.266,-6.0,99.5,105.5,2007,2.9000000000000057,-3.0999999999999943
15,1610612762,Utah Jazz,0.534,0.486,0.349,0.172,0.355,0.5476262000106922,0.498,0.392,0.161,0.269,0.9,105.2,104.2,2007,1.6000000000000085,2.6000000000000085
16,1610612764,Washington Wizards,0.494,0.45,0.262,0.098,0.239,0.5406080502426491,0.49,0.394,0.147,0.362,-8.9,102.5,111.4,2007,8.800000000000011,-0.09999999999999432
17,1610612764,Washington Wizards,0.494,0.45,0.262,0.098,0.239,0.5460100885307748,0.49,0.394,0.147,0.362,-8.9,102.5,111.4,2007,8.800000000000011,-0.09999999999999432
0,1610612737,Atlanta Hawks,0.512,0.439,0.441,0.182,0.354,0.5374144029818722,0.503,0.266,0.122,0.368,-13.8,100.2,114.0,2008,8.838888888888889,-4.961111111111109
1,1610612738,Boston Celtics,0.541,0.487,0.354,0.147,0.335,0.5361729891096827,0.463,0.411,0.163,0.301,5.9,107.7,101.7,2008,-3.4611111111111086,2.5388888888888914
2,1610612739,Cleveland Cavaliers,0.517,0.465,0.395,0.158,0.326,0.5352899881196673,0.46,0.37,0.151,0.289,2.4,102.9,100.5,2008,-4.661111111111111,-2.2611111111111057
3,1610612742,Dallas Mavericks,0.511,0.447,0.381,0.131,0.348,0.5584507652012035,0.527,0.265,0.095,0.273,-10.2,105.9,116.0,2008,10.838888888888889,0.7388888888888943
4,1610612743,Denver Nuggets,0.501,0.452,0.328,0.146,0.34,0.56445644549594,0.536,0.34,0.121,0.284,-13.4,102.3,115.6,2008,10.438888888888883,-2.8611111111111143
5,1610612765,Detroit Pistons,0.538,0.485,0.32,0.15,0.307,0.5162605930553782,0.478,0.376,0.168,0.355,3.2,105.9,102.7,2008,-2.4611111111111086,0.7388888888888943
6,1610612745,Houston Rockets,0.488,0.446,0.333,0.125,0.342,0.5433451475334256,0.482,0.335,0.143,0.327,-3.3,101.9,105.2,2008,0.038888888888891415,-3.2611111111111057
7,1610612747,Los Angeles Lakers,0.56,0.512,0.371,0.141,0.267,0.533887427603126,0.477,0.329,0.141,0.319,2.6,108.8,106.2,2008,1.0388888888888914,3.6388888888888857
8,1610612740,New Orleans Hornets,0.537,0.499,0.25,0.101,0.272,0.5366397607613063,0.483,0.31,0.14,0.295,4.8,110.3,105.5,2008,0.3388888888888886,5.138888888888886
9,1610612740,New Orleans Hornets,0.537,0.499,0.25,0.101,0.272,0.5690436635487017,0.483,0.31,0.14,0.295,4.8,110.3,105.5,2008,0.3388888888888886,5.138888888888886
10,1610612753,Orlando Magic,0.564,0.529,0.322,0.163,0.317,0.5293294663967749,0.464,0.262,0.101,0.291,2.2,109.5,107.3,2008,2.1388888888888857,4.338888888888889
11,1610612755,Philadelphia 76ers,0.488,0.43,0.402,0.168,0.391,0.5406489300523624,0.523,0.253,0.197,0.357,-9.1,97.2,106.3,2008,1.1388888888888857,-7.961111111111109
12,1610612756,Phoenix Suns,0.524,0.492,0.369,0.127,0.262,0.5485261086090912,0.493,0.284,0.134,0.268,-2.7,103.1,105.8,2008,0.6388888888888857,-2.061111111111117
13,1610612759,San Antonio Spurs,0.529,0.493,0.261,0.14,0.242,0.5176242042070931,0.486,0.275,0.121,0.263,-1.1,103.0,104.1,2008,-1.0611111111111171,-2.1611111111111114
14,1610612761,Toronto Raptors,0.528,0.484,0.224,0.11,0.291,0.5570667849211156,0.533,0.337,0.152,0.333,-5.6,109.2,114.8,2008,9.638888888888886,4.038888888888891
15,1610612762,Utah Jazz,0.528,0.481,0.33,0.141,0.364,0.5476262000106922,0.49,0.422,0.139,0.313,-0.7,108.3,109.0,2008,3.8388888888888886,3.1388888888888857
16,1610612764,Washington Wizards,0.524,0.466,0.386,0.138,0.286,0.5406080502426491,0.485,0.377,0.153,0.344,-3.9,103.2,107.1,2008,1.9388888888888829,-1.9611111111111086
17,1610612764,Washington Wizards,0.524,0.466,0.386,0.138,0.286,0.5460100885307748,0.485,0.377,0.153,0.344,-3.9,103.2,107.1,2008,1.9388888888888829,-1.9611111111111086
0,1610612737,Atlanta Hawks,0.499,0.45,0.323,0.145,0.298,0.5374144029818722,0.514,0.344,0.163,0.333,-8.4,100.5,108.9,2009,5.21764705882353,-3.1823529411764753
1,1610612738,Boston Celtics,0.535,0.485,0.309,0.141,0.292,0.5361729891096827,0.493,0.344,0.149,0.279,-0.2,105.5,105.7,2009,2.0176470588235276,1.8176470588235247
2,1610612741,Chicago Bulls,0.54,0.483,0.343,0.157,0.303,0.5284989506040224,0.495,0.315,0.132,0.301,-4.5,105.0,109.4,2009,5.71764705882353,1.3176470588235247
3,1610612739,Cleveland Cavaliers,0.556,0.507,0.383,0.142,0.333,0.5352899881196673,0.48,0.305,0.14,0.266,9.6,112.4,102.8,2009,-0.8823529411764781,8.71764705882353
4,1610612742,Dallas Mavericks,0.576,0.518,0.375,0.142,0.278,0.5584507652012035,0.525,0.367,0.121,0.255,-1.1,111.0,112.1,2009,8.417647058823519,7.317647058823525
5,1610612743,Denver Nuggets,0.579,0.526,0.426,0.13,0.3,0.56445644549594,0.493,0.415,0.167,0.289,9.0,115.5,106.5,2009,2.8176470588235247,11.817647058823525
6,1610612765,Detroit Pistons,0.468,0.429,0.188,0.136,0.288,0.5162605930553782,0.498,0.446,0.133,0.319,-18.4,94.3,112.7,2009,9.017647058823528,-9.382352941176478
7,1610612745,Houston Rockets,0.533,0.49,0.288,0.161,0.298,0.5433451475334256,0.487,0.282,0.132,0.287,-1.9,103.3,105.2,2009,1.5176470588235276,-0.3823529411764781
8,1610612747,Los Angeles Lakers,0.553,0.508,0.342,0.141,0.303,0.533887427603126,0.471,0.361,0.155,0.308,8.2,110.4,102.2,2009,-1.4823529411764724,6.71764705882353
9,1610612748,Miami Heat,0.554,0.501,0.324,0.16,0.279,0.5336872490477088,0.464,0.348,0.145,0.312,0.8,104.9,104.1,2009,0.41764705882351905,1.2176470588235304
10,1610612740,New Orleans Hornets,0.51,0.439,0.399,0.202,0.259,0.5366397607613063,0.563,0.381,0.138,0.299,-26.6,92.5,119.1,2009,15.417647058823519,-11.182352941176475
11,1610612740,New Orleans Hornets,0.51,0.439,0.399,0.202,0.259,0.5690436635487017,0.563,0.381,0.138,0.299,-26.6,92.5,119.1,2009,15.417647058823519,-11.182352941176475
12,1610612753,Orlando Magic,0.555,0.513,0.36,0.145,0.264,0.5293294663967749,0.488,0.305,0.143,0.282,2.0,106.8,104.9,2009,1.2176470588235304,3.117647058823522
13,1610612755,Philadelphia 76ers,0.526,0.492,0.276,0.165,0.259,0.5406489300523624,0.514,0.325,0.144,0.285,-8.2,99.6,107.9,2009,4.21764705882353,-4.082352941176481
14,1610612757,Portland Trail Blazers,0.524,0.484,0.264,0.133,0.263,0.5501775860870486,0.517,0.294,0.143,0.298,-6.5,102.5,109.0,2009,5.317647058823525,-1.1823529411764753
15,1610612759,San Antonio Spurs,0.528,0.495,0.269,0.126,0.243,0.5176242042070931,0.516,0.325,0.132,0.254,-6.8,103.2,110.0,2009,6.317647058823525,-0.4823529411764724
16,1610612762,Utah Jazz,0.517,0.463,0.373,0.154,0.325,0.5476262000106922,0.546,0.371,0.163,0.297,-8.8,102.7,111.5,2009,7.817647058823525,-0.9823529411764724
0,1610612737,Atlanta Hawks,0.501,0.453,0.276,0.136,0.335,0.5374144029818722,0.515,0.302,0.14,0.332,-7.4,103.5,110.9,2010,5.3500000000000085,-2.049999999999997
1,1610612738,Boston Celtics,0.539,0.491,0.341,0.154,0.282,0.5361729891096827,0.473,0.382,0.172,0.294,2.7,103.9,101.3,2010,-4.25,-1.6499999999999915
2,1610612766,Charlotte Bobcats,0.523,0.477,0.362,0.182,0.3,0.5766521892240873,0.522,0.469,0.148,0.287,-9.6,100.3,109.9,2010,4.3500000000000085,-5.25
3,1610612766,Charlotte Bobcats,0.523,0.477,0.362,0.182,0.3,0.5293058987858601,0.522,0.469,0.148,0.287,-9.6,100.3,109.9,2010,4.3500000000000085,-5.25
4,1610612741,Chicago Bulls,0.504,0.457,0.265,0.106,0.281,0.5284989506040224,0.558,0.344,0.144,0.24,-9.3,103.0,112.3,2010,6.75,-2.549999999999997
5,1610612739,Cleveland Cavaliers,0.568,0.517,0.42,0.159,0.245,0.5352899881196673,0.481,0.319,0.123,0.285,1.4,106.8,105.4,2010,-0.14999999999999147,1.25
6,1610612742,Dallas Mavericks,0.518,0.468,0.294,0.145,0.319,0.5584507652012035,0.486,0.318,0.14,0.279,-1.3,103.3,104.7,2010,-0.8499999999999943,-2.25
7,1610612743,Denver Nuggets,0.577,0.517,0.469,0.14,0.307,0.56445644549594,0.548,0.5,0.149,0.273,-1.2,112.3,113.5,2010,7.950000000000003,6.75
8,1610612747,Los Angeles Lakers,0.546,0.502,0.32,0.137,0.347,0.533887427603126,0.475,0.351,0.137,0.316,4.3,111.3,107.0,2010,1.4500000000000028,5.75
9,1610612748,Miami Heat,0.513,0.479,0.241,0.196,0.29,0.5336872490477088,0.523,0.348,0.171,0.25,-8.6,96.7,105.3,2010,-0.25,-8.849999999999994
10,1610612749,Milwaukee Bucks,0.51,0.465,0.25,0.143,0.33,0.5434879340264902,0.482,0.258,0.14,0.36,-4.4,103.4,107.9,2010,2.3500000000000085,-2.1499999999999915
11,1610612760,Oklahoma City Thunder,0.506,0.426,0.412,0.137,0.306,0.5353186254519752,0.488,0.284,0.142,0.318,-1.3,102.7,104.0,2010,-1.5499999999999972,-2.8499999999999943
12,1610612760,Oklahoma City Thunder,0.506,0.426,0.412,0.137,0.306,0.5464199185525027,0.488,0.284,0.142,0.318,-1.3,102.7,104.0,2010,-1.5499999999999972,-2.8499999999999943
13,1610612753,Orlando Magic,0.574,0.533,0.426,0.156,0.293,0.5293294663967749,0.458,0.354,0.155,0.285,9.4,110.0,100.7,2010,-4.849999999999994,4.450000000000003
14,1610612756,Phoenix Suns,0.582,0.536,0.353,0.137,0.325,0.5485261086090912,0.512,0.328,0.127,0.32,5.0,116.9,111.9,2010,6.3500000000000085,11.350000000000009
15,1610612757,Portland Trail Blazers,0.522,0.471,0.364,0.125,0.321,0.5501775860870486,0.536,0.317,0.144,0.365,-12.0,105.9,117.9,2010,12.350000000000009,0.3500000000000085
16,1610612759,San Antonio Spurs,0.533,0.494,0.339,0.138,0.266,0.5176242042070931,0.499,0.314,0.143,0.305,-3.2,104.8,108.0,2010,2.450000000000003,-0.75
17,1610612762,Utah Jazz,0.568,0.52,0.421,0.138,0.303,0.5476262000106922,0.522,0.425,0.136,0.328,-2.3,112.1,114.5,2010,8.950000000000003,6.549999999999997
0,1610612737,Atlanta Hawks,0.505,0.464,0.289,0.144,0.285,0.5374144029818722,0.47,0.306,0.144,0.342,-4.6,100.3,104.9,2011,1.1222222222222342,-3.4777777777777743
1,1610612738,Boston Celtics,0.552,0.514,0.262,0.173,0.295,0.5361729891096827,0.466,0.362,0.165,0.329,1.0,104.5,103.6,2011,-0.17777777777777715,0.7222222222222285
2,1610612741,Chicago Bulls,0.51,0.461,0.288,0.154,0.371,0.5284989506040224,0.462,0.328,0.157,0.281,4.5,104.8,100.4,2011,-3.3777777777777658,1.0222222222222257
3,1610612742,Dallas Mavericks,0.571,0.519,0.339,0.145,0.296,0.5584507652012035,0.482,0.319,0.154,0.317,6.0,110.7,104.7,2011,0.9222222222222314,6.922222222222231
4,1610612743,Denver Nuggets,0.525,0.468,0.468,0.128,0.237,0.56445644549594,0.468,0.43,0.143,0.321,-4.6,102.5,107.1,2011,3.322222222222223,-1.2777777777777715
5,1610612754,Indiana Pacers,0.496,0.445,0.304,0.168,0.324,0.5254515599343186,0.461,0.358,0.178,0.422,-7.2,99.8,107.0,2011,3.2222222222222285,-3.9777777777777743
6,1610612747,Los Angeles Lakers,0.526,0.477,0.315,0.143,0.33,0.533887427603126,0.524,0.321,0.151,0.26,-1.0,106.6,107.6,2011,3.822222222222223,2.822222222222223
7,1610612763,Memphis Grizzlies,0.512,0.46,0.335,0.138,0.334,0.5594918289679874,0.482,0.366,0.162,0.317,-0.7,104.2,105.0,2011,1.2222222222222285,0.4222222222222314
8,1610612748,Miami Heat,0.542,0.485,0.379,0.158,0.304,0.5336872490477088,0.475,0.282,0.148,0.3,3.0,105.5,102.5,2011,-1.2777777777777715,1.7222222222222285
9,1610612740,New Orleans Hornets,0.537,0.488,0.36,0.148,0.262,0.5366397607613063,0.5,0.369,0.148,0.349,-8.5,103.1,111.6,2011,7.822222222222223,-0.6777777777777771
10,1610612740,New Orleans Hornets,0.537,0.488,0.36,0.148,0.262,0.5690436635487017,0.5,0.369,0.148,0.349,-8.5,103.1,111.6,2011,7.822222222222223,-0.6777777777777771
11,1610612752,New York Knicks,0.483,0.435,0.298,0.167,0.361,0.5322270888815246,0.52,0.229,0.183,0.378,-8.7,99.5,108.2,2011,4.422222222222231,-4.2777777777777715
12,1610612760,Oklahoma City Thunder,0.548,0.482,0.393,0.162,0.34,0.5353186254519752,0.46,0.389,0.13,0.314,2.3,107.9,105.6,2011,1.8222222222222229,4.122222222222234
13,1610612760,Oklahoma City Thunder,0.548,0.482,0.393,0.162,0.34,0.5464199185525027,0.46,0.389,0.13,0.314,2.3,107.9,105.6,2011,1.8222222222222229,4.122222222222234
14,1610612753,Orlando Magic,0.503,0.449,0.367,0.147,0.341,0.5293294663967749,0.465,0.288,0.15,0.291,1.3,101.7,100.4,2011,-3.3777777777777658,-2.0777777777777686
15,1610612755,Philadelphia 76ers,0.485,0.453,0.213,0.123,0.311,0.5406489300523624,0.462,0.376,0.132,0.342,-8.6,100.2,108.8,2011,5.022222222222226,-3.5777777777777686
16,1610612757,Portland Trail Blazers,0.534,0.487,0.294,0.136,0.277,0.5501775860870486,0.507,0.328,0.141,0.322,-5.7,104.1,109.8,2011,6.022222222222226,0.32222222222222285
17,1610612759,San Antonio Spurs,0.526,0.471,0.369,0.154,0.28,0.5176242042070931,0.498,0.329,0.147,0.28,-3.4,101.6,105.0,2011,1.2222222222222285,-2.177777777777777
0,1610612737,Atlanta Hawks,0.475,0.438,0.204,0.17,0.265,0.5374144029818722,0.461,0.263,0.142,0.22,-4.8,91.3,96.1,2012,-4.916666666666671,-9.716666666666669
1,1610612738,Boston Celtics,0.516,0.468,0.28,0.145,0.253,0.5361729891096827,0.464,0.286,0.152,0.284,1.1,99.5,98.4,2012,-2.61666666666666,-1.5166666666666657
2,1610612741,Chicago Bulls,0.475,0.448,0.229,0.161,0.329,0.5284989506040224,0.428,0.33,0.111,0.239,-2.6,94.8,97.4,2012,-3.61666666666666,-6.216666666666669
3,1610612742,Dallas Mavericks,0.519,0.455,0.343,0.156,0.28,0.5584507652012035,0.52,0.314,0.138,0.206,-7.6,100.5,108.1,2012,7.083333333333329,-0.5166666666666657
4,1610612743,Denver Nuggets,0.492,0.46,0.227,0.122,0.373,0.56445644549594,0.461,0.26,0.132,0.36,-0.2,105.8,106.0,2012,4.983333333333334,4.783333333333331
5,1610612754,Indiana Pacers,0.507,0.461,0.289,0.17,0.356,0.5254515599343186,0.469,0.302,0.15,0.297,1.9,102.5,100.5,2012,-0.5166666666666657,1.4833333333333343
6,1610612746,Los Angeles Clippers,0.53,0.499,0.315,0.163,0.267,0.5753077405971941,0.491,0.363,0.167,0.331,-5.2,100.5,105.7,2012,4.683333333333337,-0.5166666666666657
7,1610612746,Los Angeles Clippers,0.53,0.499,0.315,0.163,0.267,0.5464618665437098,0.491,0.363,0.167,0.331,-5.2,100.5,105.7,2012,4.683333333333337,-0.5166666666666657
8,1610612747,Los Angeles Lakers,0.502,0.454,0.285,0.138,0.339,0.533887427603126,0.474,0.258,0.113,0.337,-4.1,104.0,108.1,2012,7.083333333333329,2.9833333333333343
9,1610612763,Memphis Grizzlies,0.509,0.449,0.403,0.172,0.367,0.5594918289679874,0.493,0.364,0.169,0.291,1.0,102.1,101.1,2012,0.0833333333333286,1.0833333333333286
10,1610612748,Miami Heat,0.552,0.505,0.364,0.145,0.3,0.5336872490477088,0.466,0.299,0.161,0.311,7.4,108.6,101.2,2012,0.18333333333333712,7.583333333333329
11,1610612752,New York Knicks,0.499,0.451,0.297,0.211,0.338,0.5322270888815246,0.511,0.417,0.156,0.304,-15.8,95.0,110.8,2012,9.783333333333331,-6.016666666666666
12,1610612760,Oklahoma City Thunder,0.558,0.508,0.306,0.126,0.264,0.5353186254519752,0.491,0.326,0.154,0.281,4.5,110.2,105.6,2012,4.583333333333329,9.183333333333337
13,1610612760,Oklahoma City Thunder,0.558,0.508,0.306,0.126,0.264,0.5464199185525027,0.491,0.326,0.154,0.281,4.5,110.2,105.6,2012,4.583333333333329,9.183333333333337
14,1610612753,Orlando Magic,0.486,0.452,0.244,0.159,0.286,0.5293294663967749,0.48,0.254,0.159,0.381,-12.0,95.2,107.3,2012,6.283333333333331,-5.816666666666663
15,1610612755,Philadelphia 76ers,0.482,0.436,0.312,0.129,0.262,0.5406489300523624,0.459,0.261,0.16,0.291,-1.0,96.1,97.2,2012,-3.816666666666663,-4.916666666666671
16,1610612759,San Antonio Spurs,0.574,0.541,0.29,0.153,0.249,0.5176242042070931,0.48,0.288,0.142,0.283,6.5,109.3,102.8,2012,1.7833333333333314,8.283333333333331
17,1610612762,Utah Jazz,0.443,0.395,0.306,0.144,0.357,0.5476262000106922,0.533,0.281,0.126,0.219,-17.7,92.2,109.9,2012,8.88333333333334,-8.816666666666663
0,1610612737,Atlanta Hawks,0.503,0.462,0.338,0.131,0.207,0.5374144029818722,0.455,0.362,0.167,0.324,-5.4,96.2,101.6,2013,-1.2947368421052516,-6.694736842105243
1,1610612738,Boston Celtics,0.525,0.463,0.312,0.194,0.198,0.5361729891096827,0.462,0.227,0.144,0.264,-6.1,92.0,98.1,2013,-4.794736842105252,-10.894736842105246
2,1610612751,Brooklyn Nets,0.524,0.479,0.304,0.124,0.301,0.5610774257394637,0.497,0.246,0.141,0.311,2.3,106.9,104.6,2013,1.7052631578947484,4.00526315789476
3,1610612751,Brooklyn Nets,0.524,0.479,0.304,0.124,0.301,0.5227157551220436,0.497,0.246,0.141,0.311,2.3,106.9,104.6,2013,1.7052631578947484,4.00526315789476
4,1610612741,Chicago Bulls,0.511,0.472,0.287,0.158,0.325,0.5284989506040224,0.501,0.335,0.135,0.291,-7.2,101.9,109.1,2013,6.205263157894748,-0.9947368421052403
5,1610612743,Denver Nuggets,0.526,0.479,0.35,0.147,0.308,0.56445644549594,0.554,0.266,0.19,0.319,-4.6,104.7,109.4,2013,6.50526315789476,1.8052631578947569
6,1610612744,Golden State Warriors,0.546,0.513,0.258,0.168,0.314,0.5375380269448066,0.483,0.32,0.135,0.285,-0.2,104.7,104.9,2013,2.0052631578947597,1.8052631578947569
7,1610612745,Houston Rockets,0.537,0.496,0.342,0.166,0.291,0.5433451475334256,0.511,0.304,0.134,0.27,-5.4,105.1,110.4,2013,7.50526315789476,2.2052631578947484
8,1610612754,Indiana Pacers,0.528,0.475,0.384,0.184,0.35,0.5254515599343186,0.473,0.294,0.128,0.267,0.2,103.1,102.9,2013,0.005263157894759729,0.20526315789474836
9,1610612746,Los Angeles Clippers,0.552,0.506,0.314,0.152,0.287,0.5753077405971941,0.486,0.451,0.117,0.333,-5.8,107.8,113.6,2013,10.705263157894748,4.905263157894751
10,1610612746,Los Angeles Clippers,0.552,0.506,0.314,0.152,0.287,0.5464618665437098,0.486,0.451,0.117,0.333,-5.8,107.8,113.6,2013,10.705263157894748,4.905263157894751
11,1610612747,Los Angeles Lakers,0.495,0.474,0.237,0.18,0.249,0.533887427603126,0.527,0.229,0.108,0.272,-19.8,92.9,112.7,2013,9.805263157894757,-9.99473684210524
12,1610612763,Memphis Grizzlies,0.502,0.447,0.357,0.119,0.312,0.5594918289679874,0.493,0.275,0.155,0.267,0.7,104.6,103.9,2013,1.0052631578947597,1.7052631578947484
13,1610612748,Miami Heat,0.559,0.518,0.303,0.147,0.289,0.5336872490477088,0.48,0.324,0.18,0.328,6.8,109.0,102.2,2013,-0.6947368421052431,6.105263157894754
14,1610612749,Milwaukee Bucks,0.498,0.472,0.264,0.179,0.274,0.5434879340264902,0.544,0.346,0.187,0.335,-16.3,93.9,110.2,2013,7.305263157894757,-8.99473684210524
15,1610612752,New York Knicks,0.498,0.46,0.222,0.132,0.28,0.5322270888815246,0.47,0.36,0.191,0.286,3.1,100.7,97.5,2013,-5.394736842105246,-2.194736842105243
16,1610612760,Oklahoma City Thunder,0.534,0.479,0.295,0.145,0.27,0.5353186254519752,0.468,0.343,0.143,0.281,0.8,104.6,103.8,2013,0.9052631578947512,1.7052631578947484
17,1610612760,Oklahoma City Thunder,0.534,0.479,0.295,0.145,0.27,0.5464199185525027,0.468,0.343,0.143,0.281,0.8,104.6,103.8,2013,0.9052631578947512,1.7052631578947484
18,1610612759,San Antonio Spurs,0.547,0.511,0.261,0.138,0.277,0.5176242042070931,0.475,0.233,0.145,0.292,7.9,107.6,99.7,2013,-3.194736842105243,4.705263157894748
0,1610612737,Atlanta Hawks,0.515,0.456,0.316,0.149,0.25,0.5374144029818722,0.5,0.297,0.161,0.274,0.2,101.4,101.2,2014,-5.3238095238095156,-5.123809523809513
1,1610612751,Brooklyn Nets,0.555,0.514,0.33,0.139,0.279,0.5610774257394637,0.516,0.368,0.146,0.263,-1.2,108.5,109.7,2014,3.1761904761904844,1.9761904761904816
2,1610612751,Brooklyn Nets,0.555,0.514,0.33,0.139,0.279,0.5227157551220436,0.516,0.368,0.146,0.263,-1.2,108.5,109.7,2014,3.1761904761904844,1.9761904761904816
3,1610612766,Charlotte Bobcats,0.537,0.5,0.312,0.165,0.254,0.5766521892240873,0.539,0.342,0.116,0.203,-11.3,101.1,112.4,2014,5.876190476190487,-5.423809523809524
4,1610612766,Charlotte Bobcats,0.537,0.5,0.312,0.165,0.254,0.5293058987858601,0.539,0.342,0.116,0.203,-11.3,101.1,112.4,2014,5.876190476190487,-5.423809523809524
5,1610612741,Chicago Bulls,0.508,0.463,0.29,0.15,0.308,0.5284989506040224,0.479,0.32,0.117,0.306,-4.3,102.3,106.5,2014,-0.023809523809518396,-4.223809523809521
6,1610612742,Dallas Mavericks,0.532,0.5,0.217,0.122,0.295,0.5584507652012035,0.542,0.328,0.147,0.265,-2.1,108.3,110.4,2014,3.8761904761904873,1.7761904761904788
7,1610612744,Golden State Warriors,0.558,0.518,0.335,0.178,0.364,0.5375380269448066,0.529,0.389,0.147,0.318,-4.6,109.7,114.3,2014,7.776190476190479,3.1761904761904844
8,1610612745,Houston Rockets,0.534,0.49,0.325,0.14,0.418,0.5433451475334256,0.507,0.321,0.121,0.317,-0.4,113.7,114.1,2014,7.576190476190476,7.1761904761904844
9,1610612754,Indiana Pacers,0.54,0.5,0.314,0.152,0.254,0.5254515599343186,0.493,0.282,0.153,0.268,-2.0,102.4,104.3,2014,-2.2238095238095212,-4.123809523809513
10,1610612746,Los Angeles Clippers,0.555,0.515,0.334,0.131,0.303,0.5753077405971941,0.521,0.351,0.17,0.339,2.5,113.2,110.7,2014,4.1761904761904844,6.6761904761904844
11,1610612746,Los Angeles Clippers,0.555,0.515,0.334,0.131,0.303,0.5464618665437098,0.521,0.351,0.17,0.339,2.5,113.2,110.7,2014,4.1761904761904844,6.6761904761904844
12,1610612763,Memphis Grizzlies,0.486,0.442,0.293,0.116,0.293,0.5594918289679874,0.483,0.311,0.161,0.327,-4.9,100.9,105.8,2014,-0.7238095238095212,-5.623809523809513
13,1610612748,Miami Heat,0.594,0.555,0.305,0.14,0.223,0.5336872490477088,0.539,0.304,0.158,0.282,2.3,112.0,109.6,2014,3.076190476190476,5.476190476190482
14,1610612760,Oklahoma City Thunder,0.551,0.496,0.327,0.156,0.292,0.5353186254519752,0.485,0.282,0.12,0.286,-1.9,106.1,108.0,2014,1.4761904761904816,-0.4238095238095241
15,1610612760,Oklahoma City Thunder,0.551,0.496,0.327,0.156,0.292,0.5464199185525027,0.485,0.282,0.12,0.286,-1.9,106.1,108.0,2014,1.4761904761904816,-0.4238095238095241
16,1610612757,Portland Trail Blazers,0.529,0.482,0.281,0.142,0.322,0.5501775860870486,0.508,0.28,0.121,0.345,-6.1,107.2,113.3,2014,6.776190476190479,0.6761904761904844
17,1610612759,San Antonio Spurs,0.583,0.546,0.291,0.134,0.263,0.5176242042070931,0.492,0.257,0.151,0.277,10.2,113.3,103.1,2014,-3.423809523809524,6.776190476190479
18,1610612761,Toronto Raptors,0.553,0.486,0.391,0.169,0.306,0.5570667849211156,0.506,0.392,0.13,0.253,-2.6,106.0,108.6,2014,2.076190476190476,-0.5238095238095184
19,1610612764,Washington Wizards,0.504,0.468,0.285,0.143,0.305,0.5406080502426491,0.471,0.308,0.141,0.251,1.0,101.0,100.0,2014,-6.523809523809518,-5.523809523809518
20,1610612764,Washington Wizards,0.504,0.468,0.285,0.143,0.305,0.5460100885307748,0.471,0.308,0.141,0.251,1.0,101.0,100.0,2014,-6.523809523809518,-5.523809523809518
0,1610612737,Atlanta Hawks,0.521,0.484,0.227,0.133,0.263,0.5374144029818722,0.486,0.26,0.147,0.289,-0.2,102.8,102.9,2015,-0.5499999999999972,-0.6500000000000057
1,1610612738,Boston Celtics,0.504,0.453,0.308,0.143,0.26,0.5361729891096827,0.498,0.394,0.131,0.304,-8.4,100.5,108.9,2015,5.450000000000003,-2.950000000000003
2,1610612751,Brooklyn Nets,0.522,0.486,0.251,0.149,0.242,0.5610774257394637,0.505,0.207,0.139,0.28,-5.7,100.2,105.9,2015,2.450000000000003,-3.25
3,1610612751,Brooklyn Nets,0.522,0.486,0.251,0.149,0.242,0.5227157551220436,0.505,0.207,0.139,0.28,-5.7,100.2,105.9,2015,2.450000000000003,-3.25
4,1610612741,Chicago Bulls,0.515,0.474,0.257,0.152,0.337,0.5284989506040224,0.452,0.259,0.136,0.293,3.1,104.2,101.1,2015,-2.3500000000000085,0.75
5,1610612739,Cleveland Cavaliers,0.524,0.479,0.325,0.139,0.327,0.5352899881196673,0.467,0.275,0.125,0.272,4.4,106.6,102.2,2015,-1.25,3.1499999999999915
6,1610612742,Dallas Mavericks,0.534,0.493,0.274,0.138,0.309,0.5584507652012035,0.52,0.429,0.14,0.291,-4.3,107.0,111.3,2015,7.849999999999994,3.549999999999997
7,1610612744,Golden State Warriors,0.55,0.521,0.263,0.152,0.285,0.5375380269448066,0.458,0.313,0.148,0.293,8.2,107.1,98.8,2015,-4.650000000000006,3.6499999999999915
8,1610612745,Houston Rockets,0.544,0.505,0.44,0.152,0.291,0.5433451475334256,0.514,0.298,0.141,0.293,-2.4,106.0,108.4,2015,4.950000000000003,2.549999999999997
9,1610612746,Los Angeles Clippers,0.548,0.515,0.361,0.132,0.265,0.5753077405971941,0.505,0.383,0.141,0.295,1.1,107.9,106.7,2015,3.25,4.450000000000003
10,1610612746,Los Angeles Clippers,0.548,0.515,0.361,0.132,0.265,0.5464618665437098,0.505,0.383,0.141,0.295,1.1,107.9,106.7,2015,3.25,4.450000000000003
11,1610612763,Memphis Grizzlies,0.503,0.451,0.27,0.118,0.279,0.5594918289679874,0.501,0.247,0.157,0.262,-1.5,101.7,103.1,2015,-0.3500000000000085,-1.75
12,1610612749,Milwaukee Bucks,0.455,0.419,0.236,0.137,0.267,0.5434879340264902,0.504,0.275,0.181,0.326,-12.5,92.0,104.5,2015,1.0499999999999972,-11.450000000000003
13,1610612740,New Orleans Pelicans,0.536,0.491,0.264,0.139,0.266,0.5366397607613063,0.516,0.303,0.126,0.306,-8.2,103.6,111.8,2015,8.349999999999994,0.14999999999999147
14,1610612740,New Orleans Pelicans,0.536,0.491,0.264,0.139,0.266,0.5690436635487017,0.516,0.303,0.126,0.306,-8.2,103.6,111.8,2015,8.349999999999994,0.14999999999999147
15,1610612757,Portland Trail Blazers,0.504,0.455,0.258,0.126,0.271,0.5501775860870486,0.465,0.299,0.089,0.281,-7.6,101.5,109.1,2015,5.6499999999999915,-1.9500000000000028
16,1610612759,San Antonio Spurs,0.536,0.505,0.298,0.126,0.281,0.5176242042070931,0.509,0.346,0.129,0.274,1.1,107.7,106.7,2015,3.25,4.25
17,1610612761,Toronto Raptors,0.493,0.459,0.241,0.123,0.268,0.5570667849211156,0.547,0.348,0.149,0.281,-14.9,98.5,113.4,2015,9.950000000000003,-4.950000000000003
18,1610612764,Washington Wizards,0.533,0.497,0.28,0.151,0.298,0.5406080502426491,0.47,0.232,0.138,0.284,3.9,105.0,101.0,2015,-2.450000000000003,1.5499999999999972
19,1610612764,Washington Wizards,0.533,0.497,0.28,0.151,0.298,0.5460100885307748,0.47,0.232,0.138,0.284,3.9,105.0,101.0,2015,-2.450000000000003,1.5499999999999972
0,1610612737,Atlanta Hawks,0.533,0.494,0.242,0.148,0.255,0.5374144029818722,0.487,0.239,0.145,0.295,-0.8,103.2,104.0,2016,0.5894736842105317,-0.21052631578946546
1,1610612738,Boston Celtics,0.475,0.432,0.235,0.147,0.27,0.5361729891096827,0.481,0.245,0.149,0.252,-6.9,94.3,101.2,2016,-2.2105263157894655,-9.110526315789471
2,1610612766,Charlotte Hornets,0.494,0.432,0.309,0.103,0.221,0.5766521892240873,0.517,0.253,0.132,0.276,-9.3,98.8,108.1,2016,4.689473684210526,-4.610526315789471
3,1610612766,Charlotte Hornets,0.494,0.432,0.309,0.103,0.221,0.5293058987858601,0.517,0.253,0.132,0.276,-9.3,98.8,108.1,2016,4.689473684210526,-4.610526315789471
4,1610612739,Cleveland Cavaliers,0.573,0.544,0.267,0.137,0.307,0.5352899881196673,0.51,0.259,0.142,0.255,9.5,114.6,105.2,2016,1.7894736842105345,11.189473684210526
5,1610612742,Dallas Mavericks,0.511,0.474,0.298,0.128,0.263,0.5584507652012035,0.537,0.355,0.14,0.373,-18.7,101.7,120.4,2016,16.989473684210537,-1.7105263157894655
6,1610612765,Detroit Pistons,0.559,0.537,0.292,0.121,0.243,0.5162605930553782,0.546,0.201,0.098,0.299,-10.1,109.2,119.3,2016,15.889473684210529,5.7894736842105345
7,1610612744,Golden State Warriors,0.562,0.529,0.272,0.143,0.275,0.5375380269448066,0.481,0.311,0.151,0.324,4.5,109.7,105.1,2016,1.689473684210526,6.2894736842105345
8,1610612745,Houston Rockets,0.467,0.43,0.32,0.19,0.332,0.5433451475334256,0.552,0.299,0.143,0.258,-19.3,91.4,110.7,2016,7.2894736842105345,-12.010526315789463
9,1610612754,Indiana Pacers,0.549,0.495,0.319,0.16,0.268,0.5254515599343186,0.437,0.322,0.153,0.38,1.9,103.8,101.9,2016,-1.5105263157894626,0.38947368421052886
10,1610612746,LA Clippers,0.502,0.471,0.345,0.101,0.265,0.5753077405971941,0.467,0.266,0.138,0.307,0.7,102.6,101.9,2016,-1.5105263157894626,-0.810526315789474
11,1610612746,LA Clippers,0.502,0.471,0.345,0.101,0.265,0.5464618665437098,0.467,0.266,0.138,0.307,0.7,102.6,101.9,2016,-1.5105263157894626,-0.810526315789474
12,1610612763,Memphis Grizzlies,0.455,0.423,0.215,0.171,0.3,0.5594918289679874,0.552,0.298,0.151,0.267,-23.9,89.3,113.2,2016,9.789473684210535,-14.110526315789471
13,1610612748,Miami Heat,0.539,0.5,0.264,0.142,0.27,0.5336872490477088,0.451,0.31,0.117,0.26,3.1,104.4,101.3,2016,-2.110526315789471,0.9894736842105374
14,1610612760,Oklahoma City Thunder,0.551,0.501,0.326,0.145,0.339,0.5353186254519752,0.499,0.261,0.13,0.273,5.5,111.3,105.8,2016,2.389473684210529,7.889473684210529
15,1610612760,Oklahoma City Thunder,0.551,0.501,0.326,0.145,0.339,0.5464199185525027,0.499,0.261,0.13,0.273,5.5,111.3,105.8,2016,2.389473684210529,7.889473684210529
16,1610612757,Portland Trail Blazers,0.523,0.483,0.287,0.132,0.303,0.5501775860870486,0.507,0.312,0.112,0.266,-2.3,106.3,108.5,2016,5.089473684210532,2.889473684210529
17,1610612759,San Antonio Spurs,0.557,0.519,0.248,0.125,0.27,0.5176242042070931,0.467,0.268,0.162,0.314,9.3,109.8,100.5,2016,-2.9105263157894683,6.389473684210529
18,1610612761,Toronto Raptors,0.507,0.463,0.301,0.142,0.307,0.5570667849211156,0.514,0.298,0.15,0.263,-4.7,101.7,106.4,2016,2.9894736842105374,-1.7105263157894655
0,1610612737,Atlanta Hawks,0.542,0.493,0.343,0.163,0.322,0.5374144029818722,0.502,0.279,0.131,0.269,-0.5,107.3,107.7,2017,-1.0157894736842081,-1.4157894736842138
1,1610612738,Boston Celtics,0.566,0.532,0.242,0.141,0.261,0.5361729891096827,0.531,0.284,0.149,0.318,-3.1,110.4,113.5,2017,4.784210526315789,1.6842105263157947
2,1610612741,Chicago Bulls,0.529,0.483,0.24,0.165,0.316,0.5284989506040224,0.534,0.214,0.132,0.253,-6.9,103.6,110.5,2017,1.784210526315789,-5.115789473684217
3,1610612739,Cleveland Cavaliers,0.614,0.579,0.316,0.135,0.269,0.5352899881196673,0.521,0.235,0.136,0.296,8.1,119.9,111.8,2017,3.084210526315786,11.184210526315795
4,1610612744,Golden State Warriors,0.608,0.567,0.292,0.135,0.278,0.5375380269448066,0.487,0.277,0.139,0.268,12.9,118.2,105.3,2017,-3.415789473684214,9.484210526315792
5,1610612745,Houston Rockets,0.559,0.514,0.304,0.143,0.282,0.5433451475334256,0.502,0.267,0.128,0.321,1.2,110.1,108.9,2017,0.1842105263157947,1.3842105263157833
6,1610612754,Indiana Pacers,0.564,0.53,0.247,0.139,0.338,0.5254515599343186,0.565,0.323,0.135,0.289,-4.5,114.5,119.0,2017,10.284210526315789,5.784210526315789
7,1610612746,LA Clippers,0.558,0.526,0.312,0.134,0.247,0.5753077405971941,0.542,0.308,0.134,0.218,-1.1,107.9,109.0,2017,0.284210526315789,-0.8157894736842053
8,1610612746,LA Clippers,0.558,0.526,0.312,0.134,0.247,0.5464618665437098,0.542,0.308,0.134,0.218,-1.1,107.9,109.0,2017,0.284210526315789,-0.8157894736842053
9,1610612763,Memphis Grizzlies,0.559,0.51,0.263,0.129,0.246,0.5594918289679874,0.545,0.322,0.129,0.308,-9.3,109.9,119.2,2017,10.484210526315792,1.1842105263157947
10,1610612749,Milwaukee Bucks,0.533,0.503,0.267,0.148,0.243,0.5434879340264902,0.494,0.347,0.158,0.26,-0.4,103.3,103.7,2017,-5.015789473684208,-5.415789473684214
11,1610612760,Oklahoma City Thunder,0.525,0.49,0.309,0.129,0.293,0.5353186254519752,0.513,0.401,0.149,0.314,-8.7,105.0,113.7,2017,4.984210526315792,-3.715789473684211
12,1610612760,Oklahoma City Thunder,0.525,0.49,0.309,0.129,0.293,0.5464199185525027,0.513,0.401,0.149,0.314,-8.7,105.0,113.7,2017,4.984210526315792,-3.715789473684211
13,1610612757,Portland Trail Blazers,0.507,0.458,0.271,0.15,0.264,0.5501775860870486,0.556,0.327,0.122,0.264,-16.9,100.0,116.9,2017,8.184210526315795,-8.715789473684211
14,1610612759,San Antonio Spurs,0.551,0.512,0.277,0.134,0.327,0.5176242042070931,0.539,0.255,0.145,0.263,1.2,112.8,111.6,2017,2.8842105263157833,4.084210526315786
15,1610612761,Toronto Raptors,0.541,0.493,0.283,0.139,0.241,0.5570667849211156,0.539,0.295,0.145,0.241,-5.9,104.2,110.1,2017,1.3842105263157833,-4.515789473684208
16,1610612762,Utah Jazz,0.552,0.515,0.298,0.13,0.206,0.5476262000106922,0.533,0.296,0.124,0.231,-5.2,105.2,110.4,2017,1.6842105263157947,-3.515789473684208
17,1610612764,Washington Wizards,0.549,0.505,0.281,0.14,0.315,0.5406080502426491,0.525,0.317,0.149,0.281,-0.3,110.2,110.5,2017,1.784210526315789,1.4842105263157919
18,1610612764,Washington Wizards,0.549,0.505,0.281,0.14,0.315,0.5460100885307748,0.525,0.317,0.149,0.281,-0.3,110.2,110.5,2017,1.784210526315789,1.4842105263157919
0,1610612738,Boston Celtics,0.541,0.5,0.283,0.123,0.256,0.5361729891096827,0.518,0.275,0.142,0.253,0.9,107.1,106.2,2018,-0.784210526315789,0.11578947368420245
1,1610612739,Cleveland Cavaliers,0.55,0.512,0.282,0.136,0.289,0.5352899881196673,0.529,0.252,0.128,0.256,-2.8,108.3,111.1,2018,4.1157894736842024,1.3157894736842053
2,1610612744,Golden State Warriors,0.581,0.545,0.237,0.131,0.255,0.5375380269448066,0.481,0.241,0.138,0.268,10.7,112.7,102.0,2018,-4.984210526315792,5.715789473684211
3,1610612745,Houston Rockets,0.552,0.514,0.261,0.125,0.251,0.5433451475334256,0.53,0.251,0.145,0.245,1.6,108.5,107.0,2018,0.015789473684208133,1.5157894736842081
4,1610612754,Indiana Pacers,0.567,0.542,0.241,0.144,0.274,0.5254515599343186,0.503,0.313,0.157,0.265,6.9,110.3,103.4,2018,-3.584210526315786,3.3157894736842053
5,1610612748,Miami Heat,0.542,0.507,0.345,0.157,0.235,0.5336872490477088,0.514,0.364,0.157,0.345,-10.4,101.8,112.2,2018,5.215789473684211,-5.184210526315795
6,1610612749,Milwaukee Bucks,0.585,0.561,0.254,0.14,0.19,0.5434879340264902,0.503,0.291,0.138,0.302,-0.1,108.7,108.8,2018,1.8157894736842053,1.715789473684211
7,1610612750,Minnesota Timberwolves,0.548,0.515,0.276,0.133,0.245,0.5471954344025247,0.531,0.259,0.088,0.255,-9.0,106.9,116.0,2018,9.015789473684208,-0.08421052631578618
8,1610612740,New Orleans Pelicans,0.562,0.533,0.204,0.139,0.215,0.5366397607613063,0.514,0.214,0.133,0.238,-1.4,105.5,107.0,2018,0.015789473684208133,-1.4842105263157919
9,1610612740,New Orleans Pelicans,0.562,0.533,0.204,0.139,0.215,0.5690436635487017,0.514,0.214,0.133,0.238,-1.4,105.5,107.0,2018,0.015789473684208133,-1.4842105263157919
10,1610612760,Oklahoma City Thunder,0.528,0.49,0.245,0.142,0.261,0.5353186254519752,0.521,0.309,0.154,0.287,-4.0,102.9,106.9,2018,-0.08421052631578618,-4.084210526315786
11,1610612760,Oklahoma City Thunder,0.528,0.49,0.245,0.142,0.261,0.5464199185525027,0.521,0.309,0.154,0.287,-4.0,102.9,106.9,2018,-0.08421052631578618,-4.084210526315786
12,1610612755,Philadelphia 76ers,0.539,0.493,0.32,0.146,0.333,0.5406489300523624,0.514,0.321,0.138,0.231,3.9,108.9,105.0,2018,-1.9842105263157919,1.9157894736842138
13,1610612757,Portland Trail Blazers,0.539,0.512,0.173,0.145,0.267,0.5501775860870486,0.582,0.26,0.139,0.219,-8.4,105.5,113.9,2018,6.915789473684214,-1.4842105263157919
14,1610612759,San Antonio Spurs,0.515,0.463,0.274,0.116,0.233,0.5176242042070931,0.535,0.246,0.144,0.291,-9.8,102.1,111.9,2018,4.915789473684214,-4.8842105263157976
15,1610612761,Toronto Raptors,0.578,0.536,0.29,0.145,0.272,0.5570667849211156,0.541,0.266,0.118,0.281,-4.9,111.4,116.4,2018,9.415789473684214,4.415789473684214
16,1610612762,Utah Jazz,0.549,0.52,0.284,0.158,0.255,0.5476262000106922,0.505,0.243,0.128,0.246,-1.8,104.3,106.1,2018,-0.8842105263157976,-2.6842105263157947
17,1610612764,Washington Wizards,0.561,0.513,0.274,0.138,0.279,0.5406080502426491,0.539,0.3,0.144,0.264,-1.1,109.7,110.8,2018,3.8157894736842053,2.715789473684211
18,1610612764,Washington Wizards,0.561,0.513,0.274,0.138,0.279,0.5460100885307748,0.539,0.3,0.144,0.264,-1.1,109.7,110.8,2018,3.8157894736842053,2.715789473684211
0,1610612738,Boston Celtics,0.539,0.491,0.288,0.147,0.229,0.5361729891096827,0.492,0.279,0.122,0.217,-1.5,101.4,103.0,2019,-3.336842105263159,-4.936842105263153
1,1610612751,Brooklyn Nets,0.534,0.48,0.319,0.135,0.258,0.5610774257394637,0.542,0.298,0.155,0.357,-10.2,105.7,115.9,2019,9.563157894736847,-0.6368421052631561
2,1610612751,Brooklyn Nets,0.534,0.48,0.319,0.135,0.258,0.5227157551220436,0.542,0.298,0.155,0.357,-10.2,105.7,115.9,2019,9.563157894736847,-0.6368421052631561
3,1610612743,Denver Nuggets,0.539,0.496,0.279,0.102,0.311,0.56445644549594,0.497,0.279,0.1,0.297,2.2,113.3,111.1,2019,4.763157894736835,6.963157894736838
4,1610612765,Detroit Pistons,0.471,0.444,0.171,0.104,0.248,0.5162605930553782,0.583,0.325,0.144,0.273,-23.8,96.8,120.5,2019,14.163157894736841,-9.536842105263162
5,1610612744,Golden State Warriors,0.589,0.548,0.282,0.15,0.301,0.5375380269448066,0.522,0.3,0.148,0.286,3.1,114.6,111.5,2019,5.163157894736841,8.263157894736835
6,1610612745,Houston Rockets,0.574,0.537,0.29,0.161,0.287,0.5433451475334256,0.499,0.285,0.147,0.313,3.0,110.5,107.4,2019,1.0631578947368467,4.163157894736841
7,1610612754,Indiana Pacers,0.496,0.461,0.246,0.125,0.196,0.5254515599343186,0.517,0.272,0.168,0.263,-8.1,95.8,103.9,2019,-2.4368421052631533,-10.536842105263162
8,1610612746,LA Clippers,0.563,0.511,0.323,0.146,0.293,0.5753077405971941,0.574,0.29,0.139,0.286,-9.0,111.5,120.5,2019,14.163157894736841,5.163157894736841
9,1610612746,LA Clippers,0.563,0.511,0.323,0.146,0.293,0.5464618665437098,0.574,0.29,0.139,0.286,-9.0,111.5,120.5,2019,14.163157894736841,5.163157894736841
10,1610612749,Milwaukee Bucks,0.56,0.523,0.317,0.128,0.259,0.5434879340264902,0.474,0.258,0.119,0.224,8.8,110.7,101.9,2019,-4.436842105263153,4.363157894736844
11,1610612760,Oklahoma City Thunder,0.541,0.5,0.295,0.151,0.264,0.5353186254519752,0.519,0.265,0.143,0.299,-5.5,104.4,109.9,2019,3.5631578947368467,-1.9368421052631533
12,1610612760,Oklahoma City Thunder,0.541,0.5,0.295,0.151,0.264,0.5464199185525027,0.519,0.265,0.143,0.299,-5.5,104.4,109.9,2019,3.5631578947368467,-1.9368421052631533
13,1610612753,Orlando Magic,0.496,0.451,0.267,0.163,0.26,0.5293294663967749,0.55,0.19,0.128,0.204,-15.7,95.8,111.5,2019,5.163157894736841,-10.536842105263162
14,1610612755,Philadelphia 76ers,0.559,0.514,0.301,0.166,0.319,0.5406489300523624,0.488,0.304,0.127,0.248,3.1,109.1,106.0,2019,-0.33684210526315894,2.7631578947368354
15,1610612757,Portland Trail Blazers,0.541,0.501,0.274,0.129,0.298,0.5501775860870486,0.503,0.294,0.129,0.309,-1.1,109.5,110.6,2019,4.263157894736835,3.163157894736841
16,1610612759,San Antonio Spurs,0.542,0.503,0.27,0.09,0.264,0.5176242042070931,0.516,0.24,0.098,0.274,-2.3,110.7,113.1,2019,6.763157894736835,4.363157894736844
17,1610612761,Toronto Raptors,0.561,0.515,0.275,0.124,0.239,0.5570667849211156,0.491,0.301,0.158,0.281,5.6,109.8,104.2,2019,-2.136842105263156,3.463157894736838
18,1610612762,Utah Jazz,0.501,0.455,0.296,0.154,0.305,0.5476262000106922,0.526,0.29,0.154,0.258,-9.3,99.2,108.5,2019,2.163157894736841,-7.136842105263156
0,1610612738,Boston Celtics,0.572,0.527,0.285,0.142,0.261,0.5361729891096827,0.49,0.291,0.128,0.253,5.3,111.6,106.3,2020,-2.24210526315791,3.057894736842087
1,1610612751,Brooklyn Nets,0.518,0.482,0.268,0.14,0.264,0.5610774257394637,0.592,0.258,0.117,0.236,-20.4,102.4,122.9,2020,14.357894736842098,-6.142105263157902
2,1610612751,Brooklyn Nets,0.518,0.482,0.268,0.14,0.264,0.5227157551220436,0.592,0.258,0.117,0.236,-20.4,102.4,122.9,2020,14.357894736842098,-6.142105263157902
3,1610612742,Dallas Mavericks,0.58,0.549,0.297,0.121,0.216,0.5584507652012035,0.579,0.305,0.115,0.221,-9.3,112.1,121.4,2020,12.857894736842098,3.557894736842087
4,1610612743,Denver Nuggets,0.584,0.545,0.26,0.146,0.279,0.56445644549594,0.551,0.299,0.142,0.278,-2.4,112.6,115.0,2020,6.457894736842093,4.057894736842087
5,1610612745,Houston Rockets,0.569,0.535,0.235,0.134,0.189,0.5433451475334256,0.534,0.272,0.171,0.267,0.8,107.7,106.8,2020,-1.7421052631579101,-0.8421052631579045
6,1610612754,Indiana Pacers,0.565,0.53,0.252,0.157,0.185,0.5254515599343186,0.545,0.368,0.144,0.29,-8.8,103.9,112.7,2020,4.1578947368420955,-4.642105263157902
7,1610612746,LA Clippers,0.585,0.544,0.291,0.13,0.253,0.5753077405971941,0.542,0.278,0.137,0.238,4.2,114.4,110.1,2020,1.557894736842087,5.857894736842098
8,1610612746,LA Clippers,0.585,0.544,0.291,0.13,0.253,0.5464618665437098,0.542,0.278,0.137,0.238,4.2,114.4,110.1,2020,1.557894736842087,5.857894736842098
9,1610612747,Los Angeles Lakers,0.595,0.561,0.293,0.158,0.304,0.533887427603126,0.525,0.311,0.149,0.24,6.9,115.6,108.7,2020,0.15789473684209554,7.057894736842087
10,1610612748,Miami Heat,0.587,0.537,0.322,0.135,0.243,0.5336872490477088,0.529,0.273,0.145,0.269,1.9,112.7,110.8,2020,2.25789473684209,4.1578947368420955
11,1610612749,Milwaukee Bucks,0.568,0.537,0.279,0.146,0.23,0.5434879340264902,0.527,0.285,0.146,0.209,1.8,109.1,107.3,2020,-1.2421052631579101,0.557894736842087
12,1610612760,Oklahoma City Thunder,0.542,0.5,0.281,0.166,0.253,0.5353186254519752,0.535,0.181,0.125,0.184,-6.6,101.7,108.3,2020,-0.24210526315791014,-6.8421052631579045
13,1610612760,Oklahoma City Thunder,0.542,0.5,0.281,0.166,0.253,0.5464199185525027,0.535,0.181,0.125,0.184,-6.6,101.7,108.3,2020,-0.24210526315791014,-6.8421052631579045
14,1610612753,Orlando Magic,0.547,0.505,0.237,0.139,0.172,0.5293294663967749,0.572,0.248,0.159,0.22,-9.6,101.9,111.5,2020,2.9578947368420927,-6.642105263157902
15,1610612755,Philadelphia 76ers,0.512,0.443,0.381,0.125,0.316,0.5406489300523624,0.523,0.313,0.11,0.275,-12.3,105.0,117.2,2020,8.657894736842096,-3.5421052631579073
16,1610612757,Portland Trail Blazers,0.537,0.492,0.283,0.156,0.277,0.5501775860870486,0.552,0.317,0.146,0.296,-10.4,104.1,114.5,2020,5.957894736842093,-4.442105263157913
17,1610612761,Toronto Raptors,0.559,0.525,0.24,0.13,0.226,0.5570667849211156,0.507,0.275,0.152,0.241,3.8,108.7,104.9,2020,-3.6421052631579016,0.15789473684209554
18,1610612762,Utah Jazz,0.616,0.583,0.284,0.127,0.26,0.5476262000106922,0.554,0.199,0.127,0.288,3.5,120.3,116.8,2020,8.25789473684209,11.75789473684209
0,1610612737,Atlanta Hawks,0.554,0.516,0.241,0.127,0.256,0.5374144029818722,0.52,0.273,0.132,0.289,-1.8,108.8,110.5,2021,-2.0368421052631476,-3.7368421052631504
1,1610612738,Boston Celtics,0.56,0.508,0.311,0.134,0.355,0.5361729891096827,0.582,0.324,0.118,0.301,-12.1,115.9,128.0,2021,15.463157894736852,3.363157894736858
2,1610612751,Brooklyn Nets,0.592,0.551,0.235,0.119,0.242,0.5610774257394637,0.502,0.253,0.133,0.302,6.6,115.9,109.3,2021,-3.2368421052631504,3.363157894736858
3,1610612751,Brooklyn Nets,0.592,0.551,0.235,0.119,0.242,0.5227157551220436,0.502,0.253,0.133,0.302,6.6,115.9,109.3,2021,-3.2368421052631504,3.363157894736858
4,1610612742,Dallas Mavericks,0.559,0.534,0.233,0.118,0.29,0.5584507652012035,0.571,0.293,0.118,0.247,-5.5,114.2,119.7,2021,7.163157894736855,1.6631578947368553
5,1610612743,Denver Nuggets,0.566,0.536,0.227,0.114,0.295,0.56445644549594,0.576,0.256,0.117,0.262,-5.3,116.8,122.1,2021,9.563157894736847,4.26315789473685
6,1610612746,LA Clippers,0.604,0.562,0.29,0.114,0.247,0.5753077405971941,0.543,0.227,0.124,0.281,4.8,119.2,114.5,2021,1.9631578947368524,6.663157894736855
7,1610612746,LA Clippers,0.604,0.562,0.29,0.114,0.247,0.5464618665437098,0.543,0.227,0.124,0.281,4.8,119.2,114.5,2021,1.9631578947368524,6.663157894736855
8,1610612747,Los Angeles Lakers,0.52,0.473,0.295,0.146,0.277,0.533887427603126,0.53,0.253,0.131,0.219,-6.7,102.6,109.3,2021,-3.2368421052631504,-9.936842105263153
9,1610612763,Memphis Grizzlies,0.556,0.523,0.216,0.104,0.279,0.5594918289679874,0.586,0.303,0.136,0.271,-8.4,115.0,123.4,2021,10.863157894736858,2.4631578947368524
10,1610612748,Miami Heat,0.499,0.462,0.227,0.136,0.212,0.5336872490477088,0.538,0.235,0.146,0.336,-19.7,95.4,115.0,2021,2.4631578947368524,-17.136842105263142
11,1610612749,Milwaukee Bucks,0.55,0.524,0.228,0.13,0.31,0.5434879340264902,0.523,0.197,0.134,0.235,5.3,112.2,106.8,2021,-5.73684210526315,-0.33684210526314473
12,1610612752,New York Knicks,0.505,0.458,0.252,0.128,0.289,0.5322270888815246,0.519,0.226,0.114,0.219,-7.6,102.1,109.7,2021,-2.8368421052631447,-10.436842105263153
13,1610612755,Philadelphia 76ers,0.589,0.561,0.342,0.128,0.26,0.5406489300523624,0.502,0.305,0.124,0.266,8.1,115.6,107.5,2021,-5.036842105263148,3.0631578947368467
14,1610612756,Phoenix Suns,0.585,0.547,0.219,0.124,0.234,0.5485261086090912,0.507,0.259,0.123,0.275,4.2,113.2,109.0,2021,-3.5368421052631476,0.6631578947368553
15,1610612757,Portland Trail Blazers,0.608,0.567,0.257,0.121,0.277,0.5501775860870486,0.555,0.267,0.114,0.32,-0.7,122.1,122.9,2021,10.363157894736858,9.563157894736847
16,1610612762,Utah Jazz,0.616,0.579,0.288,0.138,0.283,0.5476262000106922,0.562,0.252,0.108,0.265,-1.6,120.1,121.7,2021,9.163157894736855,7.563157894736847
17,1610612764,Washington Wizards,0.543,0.498,0.327,0.13,0.29,0.5406080502426491,0.575,0.333,0.115,0.283,-14.1,107.0,121.1,2021,8.563157894736847,-5.536842105263148
18,1610612764,Washington Wizards,0.543,0.498,0.327,0.13,0.29,0.5460100885307748,0.575,0.333,0.115,0.283,-14.1,107.0,121.1,2021,8.563157894736847,-5.536842105263148
0,1610612737,Atlanta Hawks,0.554,0.513,0.281,0.175,0.246,0.5374144029818722,0.542,0.248,0.14,0.305,-11.8,104.1,115.9,2022,5.5,-6.300000000000011
1,1610612738,Boston Celtics,0.574,0.533,0.283,0.154,0.271,0.5361729891096827,0.501,0.232,0.139,0.287,3.9,110.3,106.3,2022,-4.1000000000000085,-0.10000000000000853
2,1610612751,Brooklyn Nets,0.61,0.577,0.33,0.161,0.29,0.5610774257394637,0.562,0.27,0.147,0.358,-4.1,115.0,119.2,2022,8.799999999999997,4.599999999999994
3,1610612751,Brooklyn Nets,0.61,0.577,0.33,0.161,0.29,0.5227157551220436,0.562,0.27,0.147,0.358,-4.1,115.0,119.2,2022,8.799999999999997,4.599999999999994
4,1610612741,Chicago Bulls,0.493,0.461,0.16,0.129,0.185,0.5284989506040224,0.553,0.247,0.152,0.224,-13.8,94.4,108.3,2022,-2.1000000000000085,-16.0
5,1610612742,Dallas Mavericks,0.584,0.546,0.289,0.109,0.207,0.5584507652012035,0.539,0.268,0.143,0.294,0.6,113.9,113.3,2022,2.8999999999999915,3.5
6,1610612743,Denver Nuggets,0.586,0.543,0.304,0.17,0.339,0.56445644549594,0.608,0.328,0.134,0.245,-8.0,113.9,121.9,2022,11.5,3.5
7,1610612744,Golden State Warriors,0.59,0.561,0.23,0.149,0.283,0.5375380269448066,0.522,0.27,0.142,0.269,4.9,114.5,109.6,2022,-0.8000000000000114,4.099999999999994
8,1610612763,Memphis Grizzlies,0.545,0.507,0.297,0.137,0.29,0.5594918289679874,0.53,0.263,0.174,0.275,2.7,109.8,107.1,2022,-3.3000000000000114,-0.6000000000000085
9,1610612748,Miami Heat,0.55,0.509,0.253,0.138,0.303,0.5336872490477088,0.52,0.308,0.165,0.252,3.8,110.7,107.0,2022,-3.4000000000000057,0.29999999999999716
10,1610612749,Milwaukee Bucks,0.529,0.498,0.236,0.138,0.264,0.5434879340264902,0.499,0.208,0.13,0.196,0.6,103.4,102.7,2022,-7.700000000000003,-7.0
11,1610612750,Minnesota Timberwolves,0.579,0.527,0.341,0.171,0.234,0.5471954344025247,0.519,0.368,0.156,0.312,-5.9,105.8,111.7,2022,1.2999999999999972,-4.6000000000000085
12,1610612740,New Orleans Pelicans,0.566,0.518,0.342,0.153,0.387,0.5366397607613063,0.575,0.239,0.116,0.23,-2.2,115.6,117.8,2022,7.3999999999999915,5.199999999999989
13,1610612740,New Orleans Pelicans,0.566,0.518,0.342,0.153,0.387,0.5690436635487017,0.575,0.239,0.116,0.23,-2.2,115.6,117.8,2022,7.3999999999999915,5.199999999999989
14,1610612755,Philadelphia 76ers,0.592,0.545,0.29,0.158,0.259,0.5406489300523624,0.512,0.257,0.125,0.298,1.0,112.3,111.3,2022,0.8999999999999915,1.8999999999999915
15,1610612756,Phoenix Suns,0.591,0.557,0.229,0.142,0.278,0.5485261086090912,0.539,0.306,0.138,0.314,0.0,114.9,114.9,2022,4.5,4.5
16,1610612761,Toronto Raptors,0.542,0.503,0.244,0.106,0.272,0.5570667849211156,0.576,0.324,0.155,0.286,-9.9,109.6,119.5,2022,9.099999999999994,-0.8000000000000114
17,1610612762,Utah Jazz,0.546,0.495,0.335,0.128,0.284,0.5476262000106922,0.54,0.275,0.095,0.196,-6.4,108.4,114.8,2022,4.3999999999999915,-2.0
0,1610612737,Atlanta Hawks,0.558,0.529,0.176,0.127,0.297,0.5374144029818722,0.6,0.183,0.126,0.236,-4.5,114.3,118.8,2023,7.944444444444443,3.444444444444443
1,1610612738,Boston Celtics,0.594,0.56,0.234,0.129,0.266,0.5361729891096827,0.527,0.218,0.128,0.284,3.2,116.1,112.9,2023,2.0444444444444514,5.24444444444444
2,1610612751,Brooklyn Nets,0.542,0.513,0.236,0.136,0.173,0.5610774257394637,0.529,0.178,0.146,0.368,-11.8,102.5,114.3,2023,3.444444444444443,-8.355555555555554
3,1610612751,Brooklyn Nets,0.542,0.513,0.236,0.136,0.173,0.5227157551220436,0.529,0.178,0.146,0.368,-11.8,102.5,114.3,2023,3.444444444444443,-8.355555555555554
4,1610612739,Cleveland Cavaliers,0.544,0.513,0.237,0.171,0.276,0.5352899881196673,0.48,0.303,0.164,0.394,-5.4,101.9,107.3,2023,-3.555555555555557,-8.955555555555549
5,1610612743,Denver Nuggets,0.593,0.557,0.257,0.121,0.3,0.56445644549594,0.515,0.244,0.115,0.238,8.0,118.2,110.2,2023,-0.6555555555555515,7.3444444444444485
6,1610612744,Golden State Warriors,0.553,0.525,0.21,0.141,0.304,0.5375380269448066,0.511,0.287,0.124,0.292,-0.2,110.9,111.1,2023,0.24444444444444002,0.04444444444445139
7,1610612746,LA Clippers,0.577,0.529,0.298,0.141,0.323,0.5753077405971941,0.57,0.333,0.122,0.318,-6.2,116.3,122.5,2023,11.644444444444446,5.444444444444443
8,1610612746,LA Clippers,0.577,0.529,0.298,0.141,0.323,0.5464618665437098,0.57,0.333,0.122,0.318,-6.2,116.3,122.5,2023,11.644444444444446,5.444444444444443
9,1610612747,Los Angeles Lakers,0.573,0.529,0.285,0.12,0.261,0.533887427603126,0.513,0.184,0.131,0.291,2.4,112.7,110.3,2023,-0.5555555555555571,1.8444444444444485
10,1610612763,Memphis Grizzlies,0.504,0.465,0.201,0.128,0.281,0.5594918289679874,0.523,0.239,0.145,0.304,-7.2,102.8,110.0,2023,-0.8555555555555543,-8.055555555555557
11,1610612748,Miami Heat,0.567,0.531,0.228,0.123,0.272,0.5336872490477088,0.534,0.283,0.141,0.292,1.9,113.8,111.9,2023,1.0444444444444514,2.944444444444443
12,1610612749,Milwaukee Bucks,0.582,0.559,0.231,0.138,0.273,0.5434879340264902,0.605,0.229,0.142,0.213,-4.8,114.2,119.0,2023,8.144444444444446,3.3444444444444485
13,1610612750,Minnesota Timberwolves,0.565,0.525,0.293,0.133,0.229,0.5471954344025247,0.552,0.248,0.123,0.307,-7.7,109.6,117.2,2023,6.3444444444444485,-1.25555555555556
14,1610612752,New York Knicks,0.537,0.492,0.329,0.158,0.348,0.5322270888815246,0.502,0.26,0.139,0.293,0.0,107.7,107.8,2023,-3.055555555555557,-3.1555555555555515
15,1610612755,Philadelphia 76ers,0.555,0.51,0.227,0.133,0.296,0.5406489300523624,0.54,0.245,0.125,0.234,-2.0,110.2,112.1,2023,1.24444444444444,-0.6555555555555515
16,1610612756,Phoenix Suns,0.588,0.55,0.269,0.123,0.27,0.5485261086090912,0.543,0.279,0.126,0.319,-2.2,116.1,118.3,2023,7.444444444444443,5.24444444444444
17,1610612758,Sacramento Kings,0.532,0.493,0.269,0.136,0.339,0.5260236870101391,0.527,0.273,0.139,0.3,-2.2,109.3,111.6,2023,0.74444444444444,-1.5555555555555571
0,1610612738,Boston Celtics,0.589,0.555,0.23,0.123,0.276,0.5361729891096827,0.528,0.166,0.125,0.238,8.6,116.8,108.2,2024,-1.4473684210526443,7.15263157894735
1,1610612739,Cleveland Cavaliers,0.54,0.51,0.204,0.13,0.233,0.5352899881196673,0.518,0.265,0.141,0.301,-6.4,104.7,111.1,2024,1.4526315789473472,-4.947368421052644
2,1610612742,Dallas Mavericks,0.569,0.54,0.273,0.134,0.298,0.5584507652012035,0.515,0.238,0.125,0.278,2.6,113.3,110.7,2024,1.0526315789473557,3.65263157894735
3,1610612743,Denver Nuggets,0.552,0.519,0.196,0.129,0.253,0.56445644549594,0.541,0.249,0.121,0.243,-1.4,109.5,110.9,2024,1.2526315789473585,-0.14736842105264714
4,1610612754,Indiana Pacers,0.596,0.576,0.184,0.126,0.304,0.5254515599343186,0.542,0.263,0.12,0.318,1.2,120.0,118.8,2024,9.15263157894735,10.352631578947353
5,1610612746,LA Clippers,0.547,0.506,0.264,0.147,0.311,0.5753077405971941,0.535,0.318,0.125,0.317,-6.4,109.5,115.9,2024,6.2526315789473585,-0.14736842105264714
6,1610612746,LA Clippers,0.547,0.506,0.264,0.147,0.311,0.5464618665437098,0.535,0.318,0.125,0.317,-6.4,109.5,115.9,2024,6.2526315789473585,-0.14736842105264714
7,1610612747,Los Angeles Lakers,0.573,0.544,0.222,0.113,0.212,0.533887427603126,0.521,0.173,0.117,0.28,-3.7,109.7,113.4,2024,3.7526315789473585,0.052631578947355706
8,1610612748,Miami Heat,0.533,0.507,0.148,0.127,0.168,0.5336872490477088,0.566,0.253,0.122,0.273,-17.0,100.7,117.7,2024,8.052631578947356,-8.947368421052644
9,1610612749,Milwaukee Bucks,0.576,0.538,0.245,0.113,0.262,0.5434879340264902,0.556,0.198,0.104,0.303,-2.6,116.8,119.4,2024,9.752631578947359,7.15263157894735
10,1610612750,Minnesota Timberwolves,0.576,0.538,0.285,0.13,0.302,0.5471954344025247,0.538,0.273,0.14,0.238,3.9,114.8,110.9,2024,1.2526315789473585,5.15263157894735
11,1610612740,New Orleans Pelicans,0.489,0.448,0.189,0.188,0.295,0.5366397607613063,0.563,0.213,0.135,0.203,-16.2,93.5,109.6,2024,-0.04736842105265282,-16.147368421052647
12,1610612740,New Orleans Pelicans,0.489,0.448,0.189,0.188,0.295,0.5690436635487017,0.563,0.213,0.135,0.203,-16.2,93.5,109.6,2024,-0.04736842105265282,-16.147368421052647
13,1610612752,New York Knicks,0.558,0.521,0.278,0.121,0.368,0.5322270888815246,0.567,0.237,0.127,0.306,-2.5,118.1,120.6,2024,10.952631578947347,8.452631578947347
14,1610612760,Oklahoma City Thunder,0.563,0.53,0.216,0.118,0.253,0.5353186254519752,0.501,0.233,0.166,0.317,6.4,110.9,104.5,2024,-5.147368421052647,1.2526315789473585
15,1610612760,Oklahoma City Thunder,0.563,0.53,0.216,0.118,0.253,0.5464199185525027,0.501,0.233,0.166,0.317,6.4,110.9,104.5,2024,-5.147368421052647,1.2526315789473585
16,1610612753,Orlando Magic,0.527,0.481,0.299,0.151,0.304,0.5293294663967749,0.493,0.257,0.154,0.243,4.9,104.9,100.0,2024,-9.647368421052647,-4.7473684210526415
17,1610612755,Philadelphia 76ers,0.574,0.525,0.296,0.128,0.316,0.5406489300523624,0.507,0.268,0.117,0.37,0.2,116.9,116.7,2024,7.052631578947356,7.2526315789473585
18,1610612756,Phoenix Suns,0.586,0.528,0.37,0.151,0.214,0.5485261086090912,0.548,0.333,0.143,0.392,-13.9,109.3,123.2,2024,13.552631578947356,-0.34736842105265
