SecondsPlayed,Minutes,PlusMinus,OffPoss,DefPoss,PenaltyOffPoss,PenaltyDefPoss,SecondChanceOffPoss,TotalPoss,AtRimFGM,AtRimFGA,SecondChanceAtRimFGM,SecondChanceAtRimFGA,PenaltyAtRimFGM,PenaltyAtRimFGA,ShortMidRangeFGM,ShortMidRangeFGA,LongMidRangeFGM,LongMidRangeFGA,Corner3FGM,Corner3FGA,SecondChanceCorner3FGM,SecondChanceCorner3FGA,PenaltyCorner3FGM,PenaltyCorner3FGA,Arc3FGM,Arc3FGA,SecondChanceArc3FGM,SecondChanceArc3FGA,PenaltyArc3FGM,PenaltyArc3FGA,FG2M,FG2A,FG3M,FG3A,FtPoints,Points,OpponentPoints,SecondChanceFG2M,SecondChanceFG2A,SecondChanceFG3M,SecondChanceFG3A,SecondChanceFtPoints,SecondChancePoints,PenaltyFG2M,PenaltyFG2A,PenaltyFG3M,PenaltyFG3A,PenaltyFtPoints,PenaltyPoints,PtsAssisted2s,PtsUnassisted2s,PtsAssisted3s,PtsUnassisted3s,PtsPutbacks,NonHeaveArc3FGA,NonHeaveArc3FGM,Fg2aBlocked,Fg3aBlocked,TwoPtAssists,ThreePtAssists,Assists,Arc3Assists,Corner3Assists,AtRimAssists,ShortMidRangeAssists,LongMidRangeAssists,AssistPoints,OffThreePtRebounds,OffTwoPtRebounds,FTOffRebounds,DefThreePtRebounds,DefTwoPtRebounds,FTDefRebounds,DefRebounds,OffRebounds,Rebounds,SelfOReb,Steals,BadPassSteals,LostBallSteals,LiveBallTurnovers,BadPassOutOfBoundsTurnovers,BadPassTurnovers,DeadBallTurnovers,LostBallOutOfBoundsTurnovers,LostBallTurnovers,Travels,Turnovers,SecondChanceTurnovers,PenaltyTurnovers,ShootingFouls,Fouls,Clear Path Fouls,Loose Ball Fouls,Offensive Fouls,FTA,2pt And 1 Free Throw Trips,Technical Free Throw Trips,TwoPtShootingFoulsDrawn,NonShootingFoulsDrawn,Blocked2s,BlockedAtRim,BlockedLongMidRange,BlockedShortMidRange,Blocks,RecoveredBlocks,DefensiveGoaltends,Defensive 3 Seconds Violations,FirstChancePoints,PenaltyPointsExcludingTakeFouls,PenaltyOffPossExcludingTakeFouls,NonShootingPenaltyNonTakeFouls,Assisted2sPct,NonPutbacksAssisted2sPct,Assisted3sPct,Fg3Pct,SecondChanceFg3Pct,PenaltyFg3Pct,NonHeaveFg3Pct,Fg2Pct,SecondChanceFg2Pct,PenaltyFg2Pct,EfgPct,SecondChanceEfgPct,PenaltyEfgPct,TsPct,SecondChanceTsPct,PenaltyTsPct,FG3APct,FG3APctBlocked,FG2APctBlocked,AtRimPctBlocked,ShortMidRangePctBlocked,LongMidRangePctBlocked,Arc3PctBlocked,LiveBallTurnoverPct,DefFTReboundPct,OffFTReboundPct,DefTwoPtReboundPct,OffTwoPtReboundPct,DefThreePtReboundPct,OffThreePtReboundPct,DefFGReboundPct,OffFGReboundPct,OffAtRimReboundPct,OffShortMidRangeReboundPct,OffLongMidRangeReboundPct,OffArc3ReboundPct,OffCorner3ReboundPct,DefAtRimReboundPct,DefShortMidRangeReboundPct,DefLongMidRangeReboundPct,DefArc3ReboundPct,DefCorner3ReboundPct,SelfORebPct,Pace,BlocksRecoveredPct,SecondsPerPossOff,SecondsPerPossDef,SecondsExcludingORebsPerPossOff,SecondsExcludingORebsPerPossDef,AtRimFrequency,AtRimAccuracy,UnblockedAtRimAccuracy,AtRimPctAssisted,ShortMidRangeFrequency,ShortMidRangeAccuracy,UnblockedShortMidRangeAccuracy,ShortMidRangePctAssisted,LongMidRangeFrequency,LongMidRangeAccuracy,UnblockedLongMidRangeAccuracy,LongMidRangePctAssisted,Corner3Frequency,Corner3Accuracy,UnblockedCorner3Accuracy,Corner3PctAssisted,Arc3Frequency,Arc3Accuracy,UnblockedArc3Accuracy,Arc3PctAssisted,SecondChanceAtRimFrequency,SecondChanceAtRimAccuracy,SecondChanceAtRimPctAssisted,SecondChanceCorner3Frequency,SecondChanceCorner3Accuracy,SecondChanceArc3Frequency,SecondChanceArc3Accuracy,SecondChanceArc3PctAssisted,PenaltyAtRimFrequency,PenaltyAtRimAccuracy,PenaltyCorner3Frequency,PenaltyCorner3Accuracy,PenaltyArc3Frequency,PenaltyArc3Accuracy,AtRimFG3AFrequency,NonHeaveArc3Accuracy,ShotQualityAvg,SecondChanceShotQualityAvg,PenaltyShotQualityAvg,ShootingFoulsDrawnPct,TwoPtShootingFoulsDrawnPct,SecondChancePointsPct,PenaltyPointsPct,Avg2ptShotDistance,Avg3ptShotDistance,PenaltyOffPossPct,player_id,team_id,year,season,player_vs,player_on,3pt And 1 Free Throw Trips,ThreePtShootingFoulsDrawn,Blocked3s,BlockedArc3,3SecondViolations,ThreePtShootingFoulsDrawnPct,BlockedCorner3,SecondChanceCorner3PctAssisted,HeaveAttempts,OffensiveGoaltends,Corner3PctBlocked,HeaveMakes,FoulsDrawn,Offensive Fouls Drawn,StepOutOfBoundsTurnovers,Loose Ball Fouls Drawn,NonShootingPenaltyNonTakeFoulsDrawn,BlockingFouls,Charge Fouls,Charge Fouls Drawn,BlockingFoulsDrawn,Transition Take Fouls,Transition Take Fouls Drawn
118327.0,1972.0,158.0,3762.0,3777.0,1185.0,1046.0,399.0,7539.0,712.0,1105.0,115.0,200.0,197.0,315.0,232.0,556.0,184.0,481.0,133.0,335.0,9.0,22.0,35.0,108.0,279.0,748.0,24.0,63.0,85.0,244.0,1128.0,2142.0,412.0,1083.0,718.0,4210.0,4052.0,143.0,272.0,33.0,85.0,82.0,467.0,313.0,611.0,120.0,352.0,312.0,1298.0,1048.0,1208.0,996.0,240.0,170.0,738.0,279.0,144.0,9.0,524.0,332.0,856.0,205.0,127.0,395.0,67.0,62.0,2044.0,131.0,313.0,12.0,479.0,842.0,94.0,1415.0,456.0,1871.0,66.0,307.0,213.0,94.0,313.0,76.0,210.0,263.0,28.0,103.0,32.0,576.0,45.0,159.0,364.0,771.0,2.0,52.0,46.0,976.0,92.0,28.0,398.0,108.0,193.0,148.0,6.0,39.0,201.0,110.0,7.0,11.0,3743.0,1292.0,1180.0,80.0,0.4645390070921986,0.5023969319271333,0.8058252427184466,0.3804247460757156,0.388235294117647,0.3409090909090909,0.3839701770736253,0.5266106442577031,0.5257352941176471,0.5122749590834698,0.5413953488372093,0.5392156862745098,0.5119418483904465,0.5736986301369863,0.5644768856447688,0.5569456427955134,0.3358139534883721,0.0083102493074792,0.0672268907563025,0.102262443438914,0.0503597122302158,0.0062370062370062,0.0080213903743315,0.5434027777777778,0.8785046728971962,0.0967741935483871,0.7129551227773073,0.3161616161616161,0.8202054794520548,0.2031007751937984,0.748441926345609,0.2715596330275229,0.4432989690721649,0.2802547770700637,0.1840277777777778,0.1763392857142857,0.2639593908629442,0.618421052631579,0.7166212534059946,0.8296089385474861,0.8185745140388769,0.8264462809917356,0.044414535666218,91.74710759167392,0.5472636815920398,16.229665071770334,15.163092401376757,15.554758107389686,14.471803018268467,0.3426356589147287,0.644343891402715,0.717741935483871,0.5547752808988764,0.1724031007751938,0.4172661870503597,0.4393939393939394,0.2887931034482758,0.1491472868217054,0.3825363825363825,0.3849372384937238,0.3369565217391304,0.103875968992248,0.3970149253731343,0.4006024096385542,0.9548872180451128,0.231937984496124,0.3729946524064171,0.376010781671159,0.7347670250896058,0.5602240896358543,0.575,0.1391304347826087,0.0616246498599439,0.4090909090909091,0.1764705882352941,0.3809523809523809,0.875,0.3271028037383177,0.6253968253968254,0.1121495327102803,0.324074074074074,0.2533748701973001,0.3483606557377049,0.6784496124031008,0.3780487804878049,0.5173620797011209,0.5356039473684211,0.5058901364113325,0.1157538114059853,0.1625816993464052,0.1109263657957244,0.308313539192399,7.153081232492993,24.92668513388735,0.3149920255183413,204060,1610612762,2017,2016-17,False,True,1.0,12.0,8.0,5.0,7.0,0.0109689213893967,3.0,1.0,10.0,2.0,0.008955223880597,,821.0,43.0,13.0,44.0,93.0,19.0,17.0,4.0,15.0,,
118733.0,1979.0,165.0,3736.0,3722.0,884.0,751.0,389.0,7458.0,636.0,1053.0,112.0,212.0,132.0,223.0,275.0,659.0,203.0,533.0,101.0,276.0,7.0,20.0,22.0,61.0,278.0,769.0,11.0,56.0,69.0,195.0,1114.0,2245.0,379.0,1045.0,683.0,4048.0,3883.0,145.0,290.0,18.0,76.0,99.0,443.0,218.0,461.0,91.0,256.0,241.0,950.0,988.0,1240.0,903.0,234.0,174.0,763.0,277.0,156.0,3.0,494.0,301.0,795.0,204.0,97.0,342.0,70.0,82.0,1891.0,127.0,328.0,9.0,451.0,979.0,87.0,1517.0,464.0,1981.0,77.0,243.0,172.0,71.0,285.0,71.0,170.0,257.0,24.0,115.0,38.0,542.0,33.0,111.0,376.0,774.0,3.0,59.0,49.0,899.0,93.0,30.0,357.0,94.0,207.0,147.0,3.0,57.0,209.0,132.0,7.0,9.0,3605.0,939.0,878.0,52.0,0.4434470377019748,0.4810126582278481,0.7941952506596306,0.3626794258373206,0.2368421052631578,0.35546875,0.3634615384615384,0.4962138084632517,0.5,0.4728850325379609,0.5113981762917933,0.4699453551912568,0.4944211994421199,0.54907306434024,0.5151869158878505,0.5463499420625724,0.3176291793313069,0.0028708133971291,0.0694877505567928,0.1111111111111111,0.0500758725341426,0.0112570356472795,0.0039011703511053,0.525830258302583,0.9666666666666668,0.0841121495327102,0.7344336084021005,0.2939068100358423,0.8082437275985663,0.196594427244582,0.7562136435748281,0.2582292849035187,0.3647342995169082,0.3201058201058201,0.1728395061728395,0.1751054852320675,0.2558139534883721,0.6673640167364017,0.734966592427617,0.812807881773399,0.796875,0.8545454545454545,0.048004987531172,90.45101193434007,0.631578947368421,16.452087794432547,15.38635142396561,15.72992505353319,14.746104245029557,0.3200607902735562,0.603988603988604,0.6794871794871795,0.5377358490566038,0.2003039513677811,0.417298937784522,0.4392971246006389,0.2545454545454545,0.1620060790273556,0.3808630393996248,0.3851992409867172,0.4039408866995074,0.0838905775075987,0.3659420289855072,0.3659420289855072,0.9603960396039604,0.2337386018237082,0.3615084525357607,0.3629242819843342,0.7338129496402878,0.5792349726775956,0.5283018867924528,0.1339285714285714,0.0546448087431694,0.35,0.1530054644808743,0.1964285714285714,0.8181818181818182,0.3110181311018131,0.5919282511210763,0.0850767085076708,0.360655737704918,0.2719665271966527,0.3538461538461538,0.6376899696048632,0.3630406290956749,0.5133780012187689,0.5412451957295376,0.4956127285513361,0.1057638500279798,0.1422877640494221,0.1094367588932806,0.2346837944664031,7.561826280623606,24.87578947368421,0.2366167023554604,204060,1610612762,2017,2016-17,False,False,1.0,21.0,2.0,2.0,7.0,0.0197183098591549,,1.0,5.0,3.0,,1.0,831.0,50.0,10.0,59.0,81.0,22.0,25.0,7.0,12.0,,
154711.0,2579.0,264.0,5130.0,5130.0,1316.0,1173.0,524.0,10260.0,971.0,1483.0,146.0,240.0,231.0,338.0,285.0,760.0,250.0,611.0,208.0,495.0,8.0,35.0,42.0,108.0,383.0,1120.0,27.0,94.0,103.0,313.0,1506.0,2854.0,591.0,1615.0,852.0,5637.0,5373.0,198.0,358.0,35.0,129.0,91.0,592.0,340.0,633.0,145.0,421.0,365.0,1480.0,1594.0,1418.0,1461.0,312.0,204.0,1114.0,383.0,248.0,9.0,797.0,487.0,1284.0,285.0,202.0,581.0,107.0,109.0,3055.0,187.0,394.0,16.0,674.0,1158.0,106.0,1938.0,597.0,2535.0,75.0,462.0,323.0,139.0,435.0,109.0,293.0,365.0,44.0,142.0,53.0,800.0,52.0,190.0,465.0,1041.0,2.0,60.0,50.0,1107.0,113.0,32.0,438.0,138.0,256.0,142.0,15.0,99.0,269.0,168.0,18.0,11.0,5045.0,1473.0,1312.0,94.0,0.5292164674634794,0.5676638176638177,0.8240270727580372,0.3659442724458204,0.2713178294573643,0.344418052256532,0.3673088875077688,0.5276804484933427,0.553072625698324,0.5371248025276462,0.5353546654732603,0.5143737166324436,0.5289373814041746,0.5673543689320388,0.5441988950276243,0.5791338582677166,0.3613783844260461,0.0055727554179566,0.086895585143658,0.0984490896830748,0.1223684210526315,0.0147299509001636,0.00625,0.54375,0.8688524590163934,0.1290322580645161,0.7404092071611253,0.2942494398805078,0.816969696969697,0.1879396984924623,0.7668480535789033,0.2489288774635818,0.3536345776031434,0.3248945147679324,0.1685393258426966,0.1734837799717912,0.2237762237762237,0.6625258799171843,0.7277227722772277,0.8357894736842105,0.8291233283803864,0.7631578947368421,0.036075036075036,95.49676493591276,0.6245353159851301,15.50682261208577,14.651267056530214,14.885769980506822,14.155945419103316,0.3318415752964869,0.6547538772757923,0.7262528047868362,0.5983522142121525,0.1700604162004922,0.375,0.4272863568215892,0.375438596491228,0.1367196240769747,0.409165302782324,0.4152823920265781,0.436,0.1107630342358469,0.4202020202020202,0.4219066937119675,0.971153846153846,0.2506153501901991,0.3419642857142857,0.344115004492363,0.7441253263707572,0.4928131416837782,0.6083333333333333,0.2054794520547945,0.0718685831622176,0.2285714285714285,0.1930184804928131,0.2872340425531915,0.8888888888888888,0.3206831119544592,0.6834319526627219,0.1024667931688804,0.3888888888888889,0.2969639468690702,0.329073482428115,0.693219959722533,0.3438061041292639,0.5109892392280071,0.5354795264623957,0.5056729923518164,0.0942571785268414,0.1377791758414595,0.1050204009224765,0.2625510023061912,7.144709180098107,25.171888544891647,0.2565302144249513,204060,1610612762,2018,2017-18,False,True,3.0,15.0,13.0,8.0,4.0,0.009219422249539,5.0,0.875,6.0,6.0,0.004040404040404,,1090.0,79.0,22.0,56.0,124.0,25.0,29.0,15.0,17.0,,
82349.0,1372.0,89.0,2713.0,2720.0,934.0,865.0,283.0,5433.0,438.0,698.0,87.0,134.0,150.0,230.0,175.0,475.0,133.0,345.0,81.0,198.0,9.0,18.0,27.0,64.0,215.0,612.0,15.0,41.0,71.0,212.0,746.0,1518.0,296.0,810.0,523.0,2903.0,2814.0,107.0,184.0,24.0,59.0,58.0,344.0,242.0,468.0,98.0,276.0,238.0,1016.0,656.0,836.0,681.0,207.0,134.0,603.0,215.0,121.0,2.0,328.0,227.0,555.0,149.0,78.0,221.0,52.0,55.0,1337.0,92.0,222.0,3.0,387.0,584.0,71.0,1042.0,317.0,1359.0,56.0,245.0,159.0,86.0,243.0,36.0,150.0,161.0,20.0,93.0,31.0,404.0,37.0,144.0,265.0,567.0,1.0,32.0,23.0,659.0,60.0,10.0,274.0,71.0,145.0,78.0,9.0,58.0,151.0,88.0,4.0,2.0,2559.0,1016.0,934.0,54.0,0.4396782841823056,0.4830633284241531,0.7668918918918919,0.3654320987654321,0.4067796610169492,0.3550724637681159,0.3695380774032459,0.4914361001317523,0.5815217391304348,0.5170940170940171,0.511168384879725,0.588477366255144,0.5228494623655914,0.5525009545628102,0.6164874551971327,0.5748299319727891,0.3479381443298969,0.0024691358024691,0.0797101449275362,0.0888252148997134,0.1073684210526315,0.0231884057971014,0.0016339869281045,0.6014851485148515,0.9342105263157896,0.0422535211267605,0.7290886392009988,0.2913385826771653,0.823404255319149,0.1877551020408163,0.7639653815892997,0.2507987220447284,0.4285714285714285,0.2828282828282828,0.1310679611650485,0.1631016042780748,0.2672413793103448,0.6494464944649446,0.724025974025974,0.8333333333333334,0.8213333333333334,0.8315789473684211,0.0495575221238938,95.00443235497698,0.5827814569536424,15.28971618134906,15.025,14.66826391448581,14.459191176470588,0.299828178694158,0.6275071633237822,0.6886792452830188,0.5045662100456622,0.2040378006872852,0.3684210526315789,0.4127358490566037,0.2971428571428571,0.1481958762886598,0.3855072463768116,0.3946587537091988,0.4135338345864661,0.0850515463917525,0.4090909090909091,0.4111675126903553,0.9629629629629628,0.2628865979381443,0.3513071895424836,0.3518821603927987,0.6930232558139535,0.551440329218107,0.6492537313432836,0.1264367816091954,0.074074074074074,0.5,0.1687242798353909,0.3658536585365853,1.0,0.3091397849462365,0.6521739130434783,0.086021505376344,0.421875,0.2849462365591398,0.3349056603773584,0.647766323024055,0.3565505804311774,0.5015299309451878,0.5620269230769231,0.504967370572207,0.1106750392464678,0.1581986143187067,0.1184981054081984,0.3499827764381674,7.706060606060607,25.490864197530843,0.3442683376336159,204060,1610612762,2018,2017-18,False,False,2.0,8.0,6.0,4.0,4.0,0.0098039215686274,2.0,1.0,9.0,,0.005050505050505,,591.0,35.0,9.0,32.0,67.0,14.0,16.0,12.0,19.0,,
154053.0,2568.0,428.0,5312.0,5301.0,1562.0,1368.0,609.0,10613.0,1088.0,1666.0,185.0,295.0,281.0,434.0,272.0,757.0,146.0,353.0,208.0,547.0,18.0,62.0,67.0,168.0,437.0,1272.0,40.0,120.0,120.0,383.0,1506.0,2776.0,645.0,1819.0,1025.0,5972.0,5544.0,214.0,372.0,58.0,182.0,119.0,721.0,382.0,717.0,187.0,551.0,472.0,1797.0,1754.0,1258.0,1623.0,312.0,294.0,1255.0,436.0,237.0,22.0,877.0,541.0,1418.0,340.0,201.0,672.0,127.0,78.0,3377.0,232.0,422.0,18.0,759.0,1182.0,125.0,2066.0,672.0,2738.0,89.0,451.0,319.0,132.0,455.0,86.0,324.0,336.0,50.0,131.0,51.0,791.0,51.0,195.0,458.0,1107.0,,72.0,67.0,1408.0,117.0,39.0,525.0,181.0,294.0,160.0,9.0,125.0,306.0,190.0,10.0,14.0,5251.0,1778.0,1552.0,112.0,0.5823373173970784,0.64532744665195,0.8387596899224806,0.3545904343045629,0.3186813186813186,0.3393829401088929,0.3571824736550194,0.542507204610951,0.5752688172043011,0.5327754532775453,0.5383025027203482,0.5433212996389891,0.5224763406940063,0.570783711102574,0.5745192307692307,0.5717029449423816,0.3958650707290533,0.0120945574491478,0.0853746397694524,0.0942376950780312,0.1003963011889035,0.0113314447592068,0.0110062893081761,0.5752212389380531,0.8928571428571429,0.0994475138121546,0.7247087676272226,0.3367916999201915,0.8377483443708609,0.2054915854738706,0.765076862435948,0.2745591939546599,0.3730297723292469,0.3471933471933472,0.208955223880597,0.1967213114754098,0.2261904761904762,0.6475548060708263,0.7260479041916168,0.845945945945946,0.8370786516853933,0.8402061855670103,0.0418823529411764,99.20429981889347,0.6209150326797386,14.622552710843374,14.408224863233352,14.089420180722891,13.929069986794945,0.3625680087051142,0.6530612244897959,0.7210072895957588,0.6176470588235294,0.1647442872687704,0.3593130779392338,0.3994126284875183,0.4669117647058823,0.076822633297062,0.4135977337110481,0.4183381088825215,0.5342465753424658,0.1190424374319912,0.3802559414990859,0.385899814471243,0.966346153846154,0.276822633297062,0.3435534591194968,0.3473767885532591,0.7780320366132724,0.5324909747292419,0.6271186440677966,0.1405405405405405,0.111913357400722,0.2903225806451613,0.2166064981949458,0.3333333333333333,0.8,0.3422712933753943,0.6474654377880185,0.1324921135646687,0.3988095238095238,0.3020504731861199,0.3133159268929504,0.7584330794341676,0.347410358565737,0.5210464989059082,0.5329452020202019,0.5157208466453677,0.1104477611940298,0.1648869346733668,0.12073007367716,0.3009042196918955,5.684149855907781,25.18686091258933,0.2940512048192771,204060,1610612762,2019,2018-19,False,True,8.0,30.0,12.0,7.0,6.0,0.0162954915806626,5.0,1.0,16.0,2.0,0.0146252285191956,1.0,1241.0,75.0,22.0,67.0,164.0,,26.0,21.0,,,
83007.0,1383.0,3.0,2900.0,2913.0,977.0,839.0,308.0,5813.0,566.0,867.0,97.0,155.0,176.0,281.0,156.0,413.0,93.0,237.0,109.0,293.0,9.0,22.0,35.0,95.0,239.0,677.0,20.0,53.0,70.0,212.0,815.0,1517.0,348.0,970.0,515.0,3189.0,3186.0,118.0,202.0,29.0,75.0,49.0,372.0,268.0,487.0,105.0,307.0,254.0,1105.0,828.0,802.0,903.0,141.0,164.0,673.0,239.0,111.0,6.0,414.0,301.0,715.0,193.0,108.0,325.0,42.0,47.0,1731.0,99.0,238.0,11.0,421.0,629.0,72.0,1122.0,348.0,1470.0,46.0,212.0,138.0,74.0,240.0,46.0,163.0,208.0,28.0,77.0,32.0,448.0,37.0,139.0,305.0,621.0,1.0,31.0,44.0,684.0,49.0,11.0,250.0,94.0,171.0,97.0,5.0,69.0,177.0,107.0,9.0,3.0,2817.0,1105.0,977.0,67.0,0.5079754601226993,0.5648021828103683,0.8649425287356322,0.3587628865979381,0.3866666666666666,0.3420195439739413,0.3602484472049689,0.5372445616348055,0.5841584158415841,0.5503080082135524,0.5375954965822276,0.5830324909747292,0.5358942065491183,0.5694842406876791,0.5980707395498392,0.5816649104320337,0.3900281463610776,0.0061855670103092,0.073170731707317,0.0738177623990772,0.1041162227602905,0.0168776371308016,0.0059084194977843,0.5357142857142857,0.8888888888888888,0.1466666666666666,0.7331002331002331,0.3424460431654676,0.8369781312127237,0.1633663366336633,0.7714915503306392,0.2590315142198309,0.4133333333333333,0.36328125,0.1510791366906475,0.1533018867924528,0.1868131868131868,0.6731391585760518,0.7220630372492837,0.845,0.8387909319899244,0.8301886792452831,0.0387858347386172,100.84354331562398,0.6045197740112994,14.080689655172414,14.477514589769996,13.609310344827586,13.964641263302438,0.3486127864897467,0.6528258362168397,0.7048567870485679,0.5742049469964664,0.1660635303578608,0.3777239709443099,0.4216216216216216,0.2692307692307692,0.0952955367913148,0.3924050632911392,0.3991416309012875,0.5053763440860215,0.1178126256533976,0.3720136518771331,0.3745704467353952,0.9908256880733946,0.2722155207076799,0.3530280649926144,0.3551263001485884,0.8075313807531381,0.5595667870036101,0.6258064516129033,0.1546391752577319,0.0794223826714801,0.4090909090909091,0.1913357400722021,0.3773584905660377,0.85,0.353904282115869,0.6263345195729537,0.1196473551637279,0.3684210526315789,0.2670025188916876,0.330188679245283,0.7386409328508243,0.3551263001485884,0.5203401893634163,0.5334353488372092,0.5164579214195185,0.0989621942179392,0.1455180442374854,0.1166509877704609,0.3465036061461273,6.234673698088332,25.0739175257732,0.3368965517241379,204060,1610612762,2019,2018-19,False,False,7.0,17.0,6.0,5.0,5.0,0.0173469387755102,1.0,0.8888888888888888,4.0,1.0,0.0068259385665529,,594.0,48.0,18.0,36.0,82.0,,10.0,10.0,,,
128194.0,2137.0,237.0,4350.0,4348.0,1163.0,1063.0,434.0,8698.0,772.0,1176.0,132.0,209.0,184.0,290.0,296.0,753.0,95.0,228.0,195.0,471.0,16.0,42.0,39.0,112.0,417.0,1113.0,34.0,74.0,109.0,289.0,1163.0,2157.0,612.0,1584.0,789.0,4951.0,4714.0,151.0,276.0,50.0,116.0,77.0,529.0,281.0,533.0,148.0,401.0,343.0,1349.0,1108.0,1218.0,1434.0,402.0,214.0,1097.0,417.0,191.0,14.0,554.0,478.0,1032.0,290.0,188.0,445.0,82.0,27.0,2542.0,179.0,316.0,10.0,679.0,895.0,88.0,1662.0,505.0,2167.0,84.0,292.0,210.0,82.0,363.0,60.0,239.0,323.0,38.0,124.0,46.0,686.0,51.0,172.0,374.0,908.0,1.0,62.0,75.0,1027.0,74.0,27.0,389.0,115.0,186.0,116.0,5.0,65.0,194.0,120.0,9.0,10.0,4422.0,1327.0,1147.0,89.0,0.4763542562338779,0.5246212121212122,0.7810457516339869,0.3863636363636363,0.4310344827586206,0.3690773067331671,0.3903061224489796,0.5391747797867409,0.5471014492753623,0.5272045028142589,0.5562683774391873,0.576530612244898,0.538543897216274,0.5876669847328244,0.5883668903803132,0.588957055214724,0.4234161988773055,0.0088383838383838,0.0885489105238757,0.0875850340136054,0.1155378486055776,0.0043859649122807,0.0098831985624438,0.5291545189504373,0.8979591836734694,0.0840336134453781,0.7108816521048451,0.3224489795918367,0.8190591073582629,0.1908315565031983,0.7538314176245211,0.2580813347236705,0.3458646616541353,0.3686534216335541,0.0859375,0.1927710843373494,0.1861313868613138,0.6329411764705882,0.7053231939163498,0.827922077922078,0.8296622613803231,0.7702702702702703,0.0488656195462478,97.70441674337332,0.6185567010309279,15.044367816091954,14.432152713891444,14.544827586206896,13.943652253909844,0.3143544506816359,0.6564625850340136,0.7194780987884436,0.5764248704663213,0.2012830793905373,0.3930942895086321,0.4444444444444444,0.277027027027027,0.0609462710505212,0.4166666666666667,0.4185022026431718,0.2842105263157894,0.1259021651964715,0.4140127388535032,0.4166666666666667,0.964102564102564,0.297514033680834,0.3746630727762803,0.3784029038112522,0.6954436450839329,0.5331632653061225,0.631578947368421,0.1742424242424242,0.1071428571428571,0.3809523809523809,0.1887755102040816,0.4594594594594595,0.7941176470588235,0.310492505353319,0.6344827586206897,0.1199143468950749,0.3482142857142857,0.3094218415417559,0.3771626297577855,0.7377706495589414,0.3801276207839562,0.5140610335570471,0.5386498194945849,0.5060135969664139,0.1020608439646712,0.1573624595469255,0.1068471015956372,0.27247020803878,5.837644877144185,25.384343434343428,0.2673563218390805,204060,1610612762,2020,2019-20,False,True,7.0,28.0,8.0,7.0,7.0,0.0168329177057356,1.0,0.875,16.0,3.0,0.0063694267515923,,930.0,54.0,13.0,52.0,90.0,,35.0,21.0,,,
80066.0,1334.0,-59.0,2749.0,2744.0,790.0,683.0,286.0,5493.0,435.0,665.0,82.0,123.0,107.0,180.0,244.0,588.0,81.0,183.0,95.0,234.0,7.0,19.0,24.0,64.0,256.0,719.0,26.0,60.0,64.0,193.0,760.0,1436.0,351.0,953.0,489.0,3062.0,3121.0,100.0,170.0,33.0,79.0,70.0,369.0,199.0,407.0,88.0,257.0,210.0,872.0,630.0,890.0,804.0,249.0,128.0,711.0,256.0,118.0,6.0,315.0,268.0,583.0,176.0,92.0,231.0,71.0,13.0,1434.0,107.0,203.0,3.0,460.0,545.0,60.0,1065.0,313.0,1378.0,53.0,146.0,110.0,36.0,203.0,42.0,120.0,200.0,21.0,83.0,36.0,403.0,28.0,111.0,272.0,560.0,1.0,39.0,43.0,614.0,54.0,13.0,250.0,64.0,95.0,58.0,6.0,31.0,98.0,58.0,5.0,3.0,2693.0,868.0,787.0,41.0,0.4144736842105263,0.4525862068965517,0.7635327635327636,0.3683105981112277,0.4177215189873418,0.3424124513618677,0.3714285714285714,0.5292479108635098,0.5882352941176471,0.4889434889434889,0.538509836751779,0.6004016064257028,0.4984939759036144,0.5737674068498306,0.6349480968858131,0.5555555555555556,0.3989116785265801,0.0062959076600209,0.0821727019498607,0.0962406015037594,0.0850340136054421,0.0218579234972677,0.0027816411682892,0.5037220843672456,0.8823529411764706,0.05,0.7161629434954008,0.3025335320417288,0.8318264014466547,0.1848013816925734,0.7648401826484018,0.248,0.3493449781659388,0.2932551319648094,0.2277227722772277,0.1689189189189189,0.237037037037037,0.6274509803921569,0.7395209580838323,0.8023255813953488,0.840958605664488,0.7872340425531915,0.0470692717584369,98.79249619064272,0.5918367346938775,14.89196071298654,14.259475218658892,14.397235358312113,13.75765306122449,0.2783591460862285,0.6541353383458647,0.7237936772046589,0.5310344827586206,0.2461280870657178,0.4149659863945578,0.4535315985130111,0.290983606557377,0.0766010883214734,0.4426229508196721,0.4525139664804469,0.1604938271604938,0.0979489326077856,0.405982905982906,0.4130434782608695,0.968421052631579,0.3009627459187944,0.3560500695410292,0.3570432357043235,0.6875,0.4939759036144578,0.6666666666666666,0.1463414634146341,0.0763052208835341,0.3684210526315789,0.2409638554216867,0.4333333333333333,0.6923076923076923,0.2710843373493976,0.5944444444444444,0.0963855421686747,0.375,0.2906626506024096,0.3316062176165803,0.6772708246128087,0.360056258790436,0.5080467816575512,0.5437624999999999,0.4951388208269525,0.1006556112610875,0.1531862745098039,0.12050947093403,0.2847811887655127,6.617827298050141,25.509968520461687,0.2873772280829392,204060,1610612762,2020,2019-20,False,False,3.0,11.0,3.0,3.0,2.0,0.0114464099895941,,1.0,8.0,3.0,0.017094017094017,,569.0,54.0,9.0,38.0,56.0,,14.0,6.0,,,
111992.0,1867.0,453.0,3835.0,3840.0,977.0,877.0,420.0,7675.0,593.0,881.0,112.0,175.0,126.0,190.0,301.0,675.0,49.0,126.0,193.0,483.0,15.0,51.0,37.0,112.0,473.0,1237.0,41.0,110.0,111.0,322.0,943.0,1682.0,666.0,1720.0,697.0,4581.0,4128.0,136.0,232.0,56.0,161.0,88.0,528.0,211.0,379.0,148.0,434.0,282.0,1148.0,904.0,982.0,1518.0,480.0,184.0,1229.0,473.0,142.0,16.0,452.0,506.0,958.0,319.0,187.0,348.0,95.0,9.0,2422.0,231.0,252.0,5.0,664.0,797.0,73.0,1534.0,488.0,2022.0,63.0,269.0,184.0,85.0,304.0,61.0,194.0,242.0,31.0,110.0,41.0,546.0,43.0,133.0,306.0,729.0,1.0,53.0,45.0,873.0,77.0,16.0,339.0,94.0,188.0,103.0,7.0,78.0,198.0,120.0,2.0,7.0,4053.0,1122.0,961.0,51.0,0.47932131495228,0.5311398354876615,0.7597597597597597,0.3872093023255814,0.3478260869565217,0.3410138248847926,0.389018691588785,0.56064209274673,0.5862068965517241,0.5567282321899736,0.570840681951793,0.5597964376590331,0.5325953259532595,0.6044203282159873,0.5952380952380952,0.588477366255144,0.5055849500293945,0.0093023255813953,0.084423305588585,0.0749148694665153,0.1051851851851851,0.0396825396825396,0.0048504446240905,0.5567765567765568,0.9125,0.0641025641025641,0.7173717371737174,0.3471074380165289,0.8578811369509044,0.2264705882352941,0.7750663129973475,0.2766323024054983,0.4340277777777778,0.3178082191780822,0.1506849315068493,0.2140921409214092,0.2588652482269503,0.6558823529411765,0.7072691552062869,0.816793893129771,0.8681318681318682,0.8102189781021898,0.039572864321608,98.68562040145724,0.6060606060606061,14.677705345501955,14.505989583333331,14.101955671447197,14.066145833333334,0.25896531452087,0.6730987514188422,0.7276073619631902,0.5868465430016864,0.1984126984126984,0.4459259259259259,0.4983443708609271,0.3156146179401993,0.037037037037037,0.3888888888888889,0.4049586776859504,0.1836734693877551,0.1419753086419753,0.3995859213250518,0.4080338266384778,0.9689119170984456,0.3636096413874192,0.3823767178658043,0.3842404549147035,0.6744186046511628,0.4452926208651399,0.64,0.1160714285714285,0.1297709923664122,0.2941176470588235,0.2798982188295165,0.3727272727272727,0.902439024390244,0.2337023370233702,0.6631578947368421,0.1377613776137761,0.3303571428571428,0.3960639606396064,0.3447204968944099,0.7645502645502645,0.3848657445077298,0.521540421455939,0.5999541493775934,0.5060677860696517,0.0993485342019544,0.1743827160493827,0.1152586771447282,0.2506003056101288,5.634304399524375,25.386802325581403,0.2547588005215124,204060,1610612762,2021,2020-21,False,True,7.0,27.0,10.0,9.0,4.0,0.0155172413793103,1.0,0.9333333333333332,8.0,,0.020703933747412,,769.0,45.0,13.0,38.0,75.0,,19.0,7.0,,,
96268.0,1604.0,213.0,3289.0,3278.0,737.0,739.0,381.0,6567.0,466.0,738.0,96.0,152.0,99.0,157.0,281.0,637.0,76.0,189.0,151.0,375.0,11.0,44.0,24.0,77.0,388.0,1003.0,40.0,90.0,75.0,197.0,823.0,1564.0,539.0,1378.0,538.0,3801.0,3588.0,124.0,222.0,51.0,134.0,58.0,459.0,167.0,321.0,99.0,274.0,213.0,844.0,664.0,982.0,1239.0,378.0,166.0,996.0,388.0,118.0,6.0,332.0,413.0,745.0,264.0,149.0,236.0,76.0,20.0,1903.0,200.0,230.0,5.0,549.0,723.0,59.0,1331.0,435.0,1766.0,56.0,205.0,134.0,71.0,250.0,67.0,145.0,227.0,24.0,105.0,26.0,477.0,49.0,99.0,280.0,606.0,1.0,37.0,39.0,673.0,53.0,6.0,252.0,72.0,167.0,97.0,5.0,65.0,173.0,109.0,5.0,8.0,3342.0,826.0,727.0,37.0,0.4034021871202916,0.4486486486486487,0.7662337662337663,0.3911465892597968,0.3805970149253731,0.3613138686131387,0.3931436907366885,0.5262148337595908,0.5585585585585585,0.5202492211838006,0.5545547246770904,0.5632022471910112,0.5302521008403361,0.5865265760197775,0.5914948453608248,0.5877437325905293,0.4683888511216859,0.0043541364296081,0.0754475703324808,0.0921409214092141,0.0737833594976452,0.0158730158730158,0.0029910269192422,0.5241090146750524,0.8676470588235294,0.0769230769230769,0.727364185110664,0.3150684931506849,0.7945007235890015,0.2439024390243902,0.7548961424332344,0.2774193548387096,0.3680297397769517,0.3135593220338983,0.1869158878504672,0.2315436241610738,0.2767857142857143,0.6475903614457831,0.7361702127659574,0.84375,0.7876106194690266,0.8253968253968254,0.0391882435269419,98.2307724269747,0.630057803468208,14.561872909698996,14.757169005491154,13.940103374885984,14.15314215985357,0.2508497620666213,0.6314363143631436,0.6955223880597015,0.5064377682403434,0.2165193745751189,0.4411302982731554,0.4762711864406779,0.2704626334519573,0.0642420122365737,0.4021164021164021,0.4086021505376344,0.2631578947368421,0.1274643099932019,0.4026666666666667,0.4059139784946236,0.9867549668874172,0.340924541128484,0.386839481555334,0.388,0.6804123711340206,0.4269662921348314,0.631578947368421,0.1458333333333333,0.1235955056179775,0.25,0.2528089887640449,0.4444444444444444,0.825,0.2638655462184874,0.6305732484076433,0.1294117647058823,0.3116883116883117,0.3310924369747899,0.3807106598984771,0.7192386131883073,0.3895582329317269,0.517051738241309,0.5778818604651164,0.5042628401360544,0.0878912424913057,0.1429381735677821,0.1207576953433307,0.2220468297816364,6.430946291560101,25.415457184325124,0.2240802675585284,204060,1610612762,2021,2020-21,False,False,4.0,27.0,6.0,4.0,5.0,0.0185714285714285,2.0,0.9090909090909092,7.0,4.0,0.008,,596.0,37.0,11.0,28.0,60.0,,13.0,11.0,,,
62618.0,1044.0,80.0,2217.0,2197.0,739.0,546.0,242.0,4414.0,340.0,491.0,51.0,95.0,103.0,159.0,166.0,371.0,84.0,189.0,91.0,219.0,10.0,26.0,24.0,79.0,256.0,689.0,26.0,59.0,71.0,200.0,590.0,1051.0,347.0,908.0,392.0,2613.0,2533.0,66.0,137.0,36.0,85.0,46.0,286.0,184.0,330.0,95.0,279.0,196.0,849.0,624.0,556.0,819.0,222.0,92.0,681.0,255.0,75.0,8.0,312.0,273.0,585.0,184.0,89.0,184.0,91.0,37.0,1443.0,108.0,150.0,13.0,337.0,444.0,57.0,838.0,271.0,1109.0,39.0,143.0,74.0,69.0,161.0,35.0,100.0,145.0,13.0,61.0,24.0,306.0,25.0,108.0,211.0,412.0,,25.0,31.0,521.0,55.0,5.0,211.0,69.0,87.0,38.0,6.0,43.0,90.0,55.0,6.0,7.0,2327.0,839.0,734.0,42.0,0.5288135593220339,0.5735294117647058,0.7867435158501441,0.38215859030837,0.4235294117647059,0.3405017921146953,0.3840177580466148,0.5613701236917221,0.4817518248175182,0.5575757575757576,0.566870852475753,0.5405405405405406,0.5361247947454844,0.5962505715592136,0.5766129032258065,0.578551912568306,0.4635017866258295,0.0088105726872246,0.071360608943863,0.0672097759674134,0.1024258760107816,0.0211640211640211,0.0072568940493468,0.5261437908496732,0.9047619047619048,0.2,0.7207792207792207,0.3311258278145695,0.7910798122065728,0.2011173184357542,0.7495201535508638,0.2606060606060606,0.4503311258278146,0.2985074626865671,0.2178217821782178,0.1990291262135922,0.208,0.5852272727272727,0.7607142857142857,0.8,0.7857142857142857,0.8157894736842105,0.0429515418502202,101.5069149445846,0.6111111111111112,13.98872350022553,14.385525716886663,13.460532250789354,13.864360491579426,0.2506380806533946,0.6924643584521385,0.74235807860262,0.5411764705882353,0.189382337927514,0.4474393530997305,0.4984984984984985,0.5481927710843374,0.0964777947932618,0.4444444444444444,0.4540540540540541,0.4404761904761904,0.111791730474732,0.4155251141552511,0.4212962962962963,0.978021978021978,0.3517100561510975,0.3715529753265602,0.3742690058479532,0.71875,0.4279279279279279,0.5368421052631579,0.0980392156862745,0.1171171171171171,0.3846153846153846,0.2657657657657657,0.4406779661016949,0.8076923076923077,0.2610837438423645,0.6477987421383647,0.1297208538587849,0.3037974683544304,0.3284072249589491,0.355,0.7141398672792241,0.3744493392070485,0.528744358974359,0.5499665492957749,0.5201775747508305,0.1010864430798299,0.1748135874067937,0.1094527363184079,0.3249138920780712,6.93539486203616,26.02312775330396,0.3333333333333333,204060,1610612749,2023,2022-23,False,True,1.0,4.0,3.0,3.0,4.0,0.0032967032967032,,1.0,7.0,,0.0136986301369863,1.0,422.0,30.0,9.0,20.0,58.0,,10.0,4.0,,8.0,
175342.0,2922.0,218.0,6065.0,6079.0,1286.0,997.0,726.0,12144.0,1071.0,1554.0,222.0,328.0,235.0,336.0,392.0,942.0,234.0,558.0,206.0,576.0,19.0,49.0,33.0,104.0,664.0,1822.0,56.0,164.0,100.0,325.0,1697.0,3054.0,870.0,2398.0,972.0,6976.0,6758.0,274.0,458.0,75.0,213.0,124.0,897.0,357.0,640.0,133.0,429.0,301.0,1414.0,1612.0,1782.0,2172.0,438.0,314.0,1813.0,664.0,226.0,14.0,806.0,724.0,1530.0,524.0,200.0,532.0,184.0,90.0,3784.0,363.0,425.0,40.0,1073.0,1219.0,121.0,2413.0,828.0,3241.0,103.0,378.0,236.0,142.0,417.0,99.0,278.0,476.0,50.0,139.0,94.0,893.0,87.0,194.0,568.0,1069.0,,66.0,98.0,1316.0,150.0,38.0,594.0,99.0,296.0,134.0,13.0,149.0,313.0,186.0,14.0,15.0,6079.0,1393.0,1274.0,68.0,0.4749558043606364,0.5233766233766234,0.832183908045977,0.3628023352793995,0.352112676056338,0.31002331002331,0.3641691084135621,0.5556647020301244,0.5982532751091703,0.5578125,0.5506236243580338,0.5760059612518629,0.5205799812909261,0.5778517901748543,0.6,0.5619009584664537,0.4398385913426265,0.0058381984987489,0.0740013097576948,0.081081081081081,0.0997876857749469,0.010752688172043,0.0049396267837541,0.4669652855543113,0.8768115942028986,0.2312138728323699,0.7091332169866201,0.3178758414360508,0.8031437125748503,0.2421614409606404,0.7502454991816694,0.2778561354019746,0.4074844074844075,0.3081180811808118,0.197452229299363,0.2376325088339222,0.2561307901907357,0.6367265469061876,0.6935687263556116,0.8235294117647058,0.8123844731977818,0.7637795275590551,0.0395545314900153,99.73286491542244,0.5942492012779552,14.400164880461665,14.476887645994408,13.780544105523497,13.91659812469156,0.28503301540719,0.6891891891891891,0.75,0.4967320261437908,0.1727806309611151,0.416135881104034,0.4622641509433962,0.4693877551020408,0.1023477622890682,0.4193548387096774,0.4239130434782608,0.3846153846153846,0.1056493030080704,0.3576388888888889,0.3607705779334501,0.970873786407767,0.3341892883345561,0.3644346871569703,0.3662437948152234,0.7891566265060241,0.488822652757079,0.676829268292683,0.2342342342342342,0.0730253353204172,0.3877551020408163,0.2444113263785395,0.3414634146341463,0.7857142857142857,0.314312441534144,0.6994047619047619,0.0972871842843779,0.3173076923076923,0.304022450888681,0.3076923076923077,0.7248716067498165,0.3662437948152234,0.5372823778022789,0.5518255369928404,0.5254938794726931,0.1027768371147985,0.1698113207547169,0.1285837155963302,0.2026949541284403,6.672888015717081,25.858465387823177,0.2120362737015663,204060,1610612749,2023,2022-23,False,False,3.0,13.0,17.0,13.0,8.0,0.0053986710963455,4.0,0.8947368421052632,9.0,2.0,0.0086805555555555,,1135.0,78.0,22.0,54.0,77.0,,36.0,10.0,,3.0,3.0
62618.0,1044.0,80.0,2217.0,2197.0,739.0,546.0,242.0,4414.0,340.0,491.0,51.0,95.0,103.0,159.0,166.0,371.0,84.0,189.0,91.0,219.0,10.0,26.0,24.0,79.0,256.0,689.0,26.0,59.0,71.0,200.0,590.0,1051.0,347.0,908.0,392.0,2613.0,2533.0,66.0,137.0,36.0,85.0,46.0,286.0,184.0,330.0,95.0,279.0,196.0,849.0,624.0,556.0,819.0,222.0,92.0,681.0,255.0,75.0,8.0,312.0,273.0,585.0,184.0,89.0,184.0,91.0,37.0,1443.0,108.0,150.0,13.0,337.0,444.0,57.0,838.0,271.0,1109.0,39.0,143.0,74.0,69.0,161.0,35.0,100.0,145.0,13.0,61.0,24.0,306.0,25.0,108.0,211.0,412.0,,25.0,31.0,521.0,55.0,5.0,211.0,69.0,87.0,38.0,6.0,43.0,90.0,55.0,6.0,7.0,2327.0,839.0,734.0,42.0,0.5288135593220339,0.5735294117647058,0.7867435158501441,0.38215859030837,0.4235294117647059,0.3405017921146953,0.3840177580466148,0.5613701236917221,0.4817518248175182,0.5575757575757576,0.566870852475753,0.5405405405405406,0.5361247947454844,0.5962505715592136,0.5766129032258065,0.578551912568306,0.4635017866258295,0.0088105726872246,0.071360608943863,0.0672097759674134,0.1024258760107816,0.0211640211640211,0.0072568940493468,0.5261437908496732,0.9047619047619048,0.2,0.7207792207792207,0.3311258278145695,0.7910798122065728,0.2011173184357542,0.7495201535508638,0.2606060606060606,0.4503311258278146,0.2985074626865671,0.2178217821782178,0.1990291262135922,0.208,0.5852272727272727,0.7607142857142857,0.8,0.7857142857142857,0.8157894736842105,0.0429515418502202,101.5069149445846,0.6111111111111112,13.98872350022553,14.385525716886663,13.460532250789354,13.864360491579426,0.2506380806533946,0.6924643584521385,0.74235807860262,0.5411764705882353,0.189382337927514,0.4474393530997305,0.4984984984984985,0.5481927710843374,0.0964777947932618,0.4444444444444444,0.4540540540540541,0.4404761904761904,0.111791730474732,0.4155251141552511,0.4212962962962963,0.978021978021978,0.3517100561510975,0.3715529753265602,0.3742690058479532,0.71875,0.4279279279279279,0.5368421052631579,0.0980392156862745,0.1171171171171171,0.3846153846153846,0.2657657657657657,0.4406779661016949,0.8076923076923077,0.2610837438423645,0.6477987421383647,0.1297208538587849,0.3037974683544304,0.3284072249589491,0.355,0.7141398672792241,0.3744493392070485,0.528744358974359,0.5499665492957749,0.5201775747508305,0.1010864430798299,0.1748135874067937,0.1094527363184079,0.3249138920780712,6.93539486203616,26.023127753303957,0.3333333333333333,204060,1610612749,2023,2022-23,False,True,1.0,4.0,3.0,3.0,4.0,0.0032967032967032,,1.0,7.0,,0.0136986301369863,1.0,422.0,30.0,9.0,20.0,58.0,,10.0,4.0,,8.0,
70147.0,1169.0,165.0,2345.0,2320.0,677.0,569.0,272.0,4665.0,517.0,742.0,84.0,127.0,124.0,202.0,179.0,442.0,65.0,161.0,79.0,197.0,11.0,23.0,16.0,49.0,193.0,514.0,17.0,40.0,44.0,140.0,761.0,1345.0,272.0,711.0,462.0,2800.0,2635.0,98.0,175.0,28.0,63.0,60.0,340.0,195.0,385.0,60.0,189.0,185.0,755.0,852.0,670.0,741.0,75.0,120.0,503.0,192.0,101.0,2.0,426.0,247.0,673.0,168.0,79.0,326.0,69.0,31.0,1593.0,109.0,177.0,5.0,370.0,367.0,62.0,799.0,291.0,1090.0,26.0,198.0,123.0,75.0,203.0,34.0,120.0,154.0,20.0,83.0,21.0,357.0,28.0,85.0,242.0,493.0,1.0,26.0,41.0,582.0,71.0,23.0,262.0,46.0,114.0,53.0,5.0,56.0,118.0,61.0,9.0,8.0,2460.0,752.0,675.0,46.0,0.5597897503285151,0.6077032810271041,0.9080882352941176,0.3825597749648382,0.4444444444444444,0.3174603174603174,0.3865905848787446,0.5657992565055762,0.56,0.5064935064935064,0.568579766536965,0.5882352941176471,0.4965156794425087,0.6060078363082281,0.6305970149253731,0.5575485799701047,0.3458171206225681,0.0028129395218002,0.0750929368029739,0.082210242587601,0.088235294117647,0.0062111801242236,,0.5686274509803921,0.9117647058823528,0.0833333333333333,0.7017208413001912,0.3099824868651488,0.7628865979381443,0.267156862745098,0.7311507936507936,0.2921348314606741,0.3513513513513513,0.3215686274509804,0.1808510638297872,0.2764505119453925,0.2434782608695652,0.6497175141242938,0.7008547008547008,0.7857142857142857,0.7723577235772358,0.7327586206896551,0.0295454545454545,95.76460860763824,0.5169491525423728,15.412366737739871,14.657327586206897,14.802985074626866,14.189224137931037,0.3608949416342412,0.6967654986522911,0.7591776798825257,0.6305609284332688,0.2149805447470817,0.4049773755656108,0.4441687344913151,0.3854748603351955,0.0783073929961089,0.4037267080745341,0.40625,0.4769230769230769,0.0958171206225681,0.4010152284263959,0.4051282051282051,1.0,0.25,0.3754863813229572,0.3754863813229572,0.8704663212435233,0.5336134453781513,0.6614173228346457,0.1785714285714285,0.0966386554621848,0.4782608695652174,0.1680672268907563,0.425,0.8235294117647058,0.3519163763066202,0.6138613861386139,0.0853658536585365,0.3265306122448979,0.2439024390243902,0.3142857142857143,0.7067120622568094,0.3817097415506958,0.534519740704501,0.539451461988304,0.521015812720848,0.1181697023545091,0.1705729166666666,0.1214285714285714,0.2696428571428571,5.673977695167285,25.91659634317861,0.2886993603411514,204060,1610612753,2024,2023-24,False,True,,4.0,4.0,4.0,,0.0055944055944055,,1.0,10.0,1.0,0.0101522842639593,1.0,514.0,38.0,8.0,48.0,42.0,,7.0,18.0,,3.0,2.0
167213.0,2787.0,1.0,5595.0,5627.0,1421.0,1238.0,669.0,11222.0,1081.0,1630.0,211.0,330.0,254.0,393.0,407.0,1007.0,166.0,414.0,178.0,503.0,15.0,51.0,45.0,110.0,453.0,1354.0,44.0,108.0,105.0,351.0,1654.0,3051.0,631.0,1857.0,1057.0,6258.0,6257.0,254.0,435.0,59.0,159.0,160.0,845.0,387.0,723.0,150.0,461.0,389.0,1613.0,1606.0,1702.0,1641.0,252.0,298.0,1344.0,453.0,268.0,8.0,803.0,547.0,1350.0,375.0,172.0,594.0,149.0,60.0,3247.0,309.0,434.0,25.0,932.0,960.0,124.0,2016.0,768.0,2784.0,97.0,471.0,288.0,183.0,463.0,89.0,287.0,386.0,49.0,176.0,45.0,849.0,73.0,192.0,560.0,1125.0,,54.0,73.0,1420.0,133.0,38.0,616.0,131.0,287.0,152.0,6.0,129.0,304.0,192.0,19.0,14.0,5413.0,1591.0,1406.0,98.0,0.4854897218863361,0.5335548172757475,0.866877971473851,0.3397953688745288,0.3710691823899371,0.3253796095444685,0.3416350839198701,0.5421173385775155,0.5839080459770115,0.5352697095435685,0.5298492257538713,0.5765993265993266,0.5168918918918919,0.56337009582354,0.6089466089466089,0.5648801128349789,0.378361858190709,0.0043080236941303,0.0878400524418223,0.0809815950920245,0.1261171797418073,0.0217391304347826,0.0051698670605613,0.5453474676089517,0.9465648854961832,0.1381215469613259,0.7012417823228634,0.3147208121827411,0.8118466898954704,0.259010896898575,0.7516885180770759,0.2888802488335925,0.3726937269372694,0.2946127946127946,0.2345679012345679,0.2560275545350172,0.2670807453416149,0.6296296296296297,0.697594501718213,0.843065693430657,0.8127208480565371,0.8093645484949833,0.0421555845284658,96.6412898518656,0.631578947368421,15.280250223413764,14.522836324862272,14.72207327971403,14.03323262839879,0.3321108394458028,0.6631901840490797,0.7216288384512684,0.5494912118408881,0.2051752241238793,0.4041708043694141,0.4625,0.366093366093366,0.0843520782396088,0.4009661835748792,0.4098765432098765,0.3614457831325301,0.1024857375713121,0.3538767395626243,0.3545816733067729,0.9662921348314608,0.2758761206193969,0.3345642540620384,0.3363028953229399,0.8278145695364238,0.5555555555555556,0.6393939393939394,0.2274881516587677,0.0858585858585858,0.2941176470588235,0.1818181818181818,0.4074074074074074,0.9090909090909092,0.3319256756756756,0.6463104325699746,0.0929054054054054,0.4090909090909091,0.2964527027027027,0.2991452991452991,0.7104726976365118,0.3370535714285714,0.5364676098059243,0.5555829207920793,0.5265632027257241,0.1163178366364141,0.1743067345783814,0.1350271652285075,0.2577500798977309,6.0135693215339225,25.69935379644589,0.253976764968722,204060,1610612753,2024,2023-24,False,False,4.0,13.0,17.0,11.0,3.0,0.0064343163538873,6.0,0.8666666666666667,10.0,2.0,0.0019880715705765,,1192.0,81.0,32.0,74.0,102.0,,27.0,23.0,,3.0,7.0
70147.0,1169.0,165.0,2345.0,2320.0,677.0,569.0,272.0,4665.0,517.0,742.0,84.0,127.0,124.0,202.0,179.0,442.0,65.0,161.0,79.0,197.0,11.0,23.0,16.0,49.0,193.0,514.0,17.0,40.0,44.0,140.0,761.0,1345.0,272.0,711.0,462.0,2800.0,2635.0,98.0,175.0,28.0,63.0,60.0,340.0,195.0,385.0,60.0,189.0,185.0,755.0,852.0,670.0,741.0,75.0,120.0,503.0,192.0,101.0,2.0,426.0,247.0,673.0,168.0,79.0,326.0,69.0,31.0,1593.0,109.0,177.0,5.0,370.0,367.0,62.0,799.0,291.0,1090.0,26.0,198.0,123.0,75.0,203.0,34.0,120.0,154.0,20.0,83.0,21.0,357.0,28.0,85.0,242.0,493.0,1.0,26.0,41.0,582.0,71.0,23.0,262.0,46.0,114.0,53.0,5.0,56.0,118.0,61.0,9.0,8.0,2460.0,752.0,675.0,46.0,0.5597897503285151,0.6077032810271041,0.9080882352941176,0.3825597749648382,0.4444444444444444,0.3174603174603174,0.3865905848787446,0.5657992565055762,0.56,0.5064935064935064,0.568579766536965,0.5882352941176471,0.4965156794425087,0.6060078363082281,0.6305970149253731,0.5575485799701047,0.3458171206225681,0.0028129395218002,0.0750929368029739,0.082210242587601,0.088235294117647,0.0062111801242236,,0.5686274509803921,0.9117647058823528,0.0833333333333333,0.7017208413001912,0.3099824868651488,0.7628865979381443,0.267156862745098,0.7311507936507936,0.2921348314606741,0.3513513513513513,0.3215686274509804,0.1808510638297872,0.2764505119453925,0.2434782608695652,0.6497175141242938,0.7008547008547008,0.7857142857142857,0.7723577235772358,0.7327586206896551,0.0295454545454545,95.76460860763824,0.5169491525423728,15.412366737739871,14.657327586206897,14.802985074626866,14.189224137931037,0.3608949416342412,0.6967654986522911,0.7591776798825257,0.6305609284332688,0.2149805447470817,0.4049773755656108,0.4441687344913151,0.3854748603351955,0.0783073929961089,0.4037267080745341,0.40625,0.4769230769230769,0.0958171206225681,0.4010152284263959,0.4051282051282051,1.0,0.25,0.3754863813229572,0.3754863813229572,0.8704663212435233,0.5336134453781513,0.6614173228346457,0.1785714285714285,0.0966386554621848,0.4782608695652174,0.1680672268907563,0.425,0.8235294117647058,0.3519163763066202,0.6138613861386139,0.0853658536585365,0.3265306122448979,0.2439024390243902,0.3142857142857143,0.7067120622568094,0.3817097415506958,0.534519740704501,0.539451461988304,0.521015812720848,0.1181697023545091,0.1705729166666666,0.1214285714285714,0.2696428571428571,5.673977695167285,25.916596343178615,0.2886993603411514,204060,1610612753,2024,2023-24,False,True,,4.0,4.0,4.0,,0.0055944055944055,,1.0,10.0,1.0,0.0101522842639593,1.0,514.0,38.0,8.0,48.0,42.0,,7.0,18.0,,3.0,2.0
