SecondsPlayed,Minutes,PlusMinus,OffPoss,DefPoss,PenaltyOffPoss,PenaltyDefPoss,SecondChanceOffPoss,TotalPoss,AtRimFGM,AtRimFGA,SecondChanceAtRimFGM,SecondChanceAtRimFGA,PenaltyAtRimFGM,PenaltyAtRimFGA,ShortMidRangeFGM,ShortMidRangeFGA,LongMidRangeFGM,LongMidRangeFGA,Corner3FGM,Corner3FGA,SecondChanceCorner3FGA,PenaltyCorner3FGM,PenaltyCorner3FGA,Arc3FGM,Arc3FGA,SecondChanceArc3FGM,SecondChanceArc3FGA,PenaltyArc3FGM,PenaltyArc3FGA,FG2M,FG2A,FG3M,FG3A,FtPoints,Points,OpponentPoints,SecondChanceFG2M,SecondChanceFG2A,SecondChanceFG3M,SecondChanceFG3A,SecondChanceFtPoints,SecondChancePoints,PenaltyFG2M,PenaltyFG2A,PenaltyFG3M,PenaltyFG3A,PenaltyFtPoints,PenaltyPoints,PtsAssisted2s,PtsUnassisted2s,PtsAssisted3s,PtsUnassisted3s,PtsPutbacks,HeaveAttempts,NonHeaveArc3FGA,NonHeaveArc3FGM,Fg2aBlocked,Fg3aBlocked,TwoPtAssists,ThreePtAssists,Assists,Arc3Assists,Corner3Assists,AtRimAssists,ShortMidRangeAssists,LongMidRangeAssists,AssistPoints,OffThreePtRebounds,OffTwoPtRebounds,FTOffRebounds,DefThreePtRebounds,DefTwoPtRebounds,FTDefRebounds,DefRebounds,OffRebounds,Rebounds,SelfOReb,Steals,BadPassSteals,LostBallSteals,LiveBallTurnovers,BadPassOutOfBoundsTurnovers,BadPassTurnovers,DeadBallTurnovers,LostBallOutOfBoundsTurnovers,LostBallTurnovers,Travels,Turnovers,SecondChanceTurnovers,PenaltyTurnovers,ShootingFouls,Fouls,Loose Ball Fouls,Offensive Fouls,FTA,2pt And 1 Free Throw Trips,Technical Free Throw Trips,TwoPtShootingFoulsDrawn,ThreePtShootingFoulsDrawn,NonShootingFoulsDrawn,Blocked2s,BlockedAtRim,BlockedLongMidRange,BlockedShortMidRange,Blocks,RecoveredBlocks,DefensiveGoaltends,3SecondViolations,Defensive 3 Seconds Violations,FirstChancePoints,PenaltyPointsExcludingTakeFouls,PenaltyOffPossExcludingTakeFouls,NonShootingPenaltyNonTakeFouls,Assisted2sPct,NonPutbacksAssisted2sPct,Assisted3sPct,Fg3Pct,SecondChanceFg3Pct,PenaltyFg3Pct,NonHeaveFg3Pct,Fg2Pct,SecondChanceFg2Pct,PenaltyFg2Pct,EfgPct,SecondChanceEfgPct,PenaltyEfgPct,TsPct,SecondChanceTsPct,PenaltyTsPct,FG3APct,FG3APctBlocked,FG2APctBlocked,AtRimPctBlocked,ShortMidRangePctBlocked,LongMidRangePctBlocked,Corner3PctBlocked,LiveBallTurnoverPct,DefFTReboundPct,OffFTReboundPct,DefTwoPtReboundPct,OffTwoPtReboundPct,DefThreePtReboundPct,OffThreePtReboundPct,DefFGReboundPct,OffFGReboundPct,OffAtRimReboundPct,OffShortMidRangeReboundPct,OffLongMidRangeReboundPct,OffArc3ReboundPct,OffCorner3ReboundPct,DefAtRimReboundPct,DefShortMidRangeReboundPct,DefLongMidRangeReboundPct,DefArc3ReboundPct,DefCorner3ReboundPct,SelfORebPct,Pace,BlocksRecoveredPct,SecondsPerPossOff,SecondsPerPossDef,SecondsExcludingORebsPerPossOff,SecondsExcludingORebsPerPossDef,AtRimFrequency,AtRimAccuracy,UnblockedAtRimAccuracy,AtRimPctAssisted,ShortMidRangeFrequency,ShortMidRangeAccuracy,UnblockedShortMidRangeAccuracy,ShortMidRangePctAssisted,LongMidRangeFrequency,LongMidRangeAccuracy,UnblockedLongMidRangeAccuracy,LongMidRangePctAssisted,Corner3Frequency,Corner3Accuracy,UnblockedCorner3Accuracy,Corner3PctAssisted,Arc3Frequency,Arc3Accuracy,UnblockedArc3Accuracy,Arc3PctAssisted,SecondChanceAtRimFrequency,SecondChanceAtRimAccuracy,SecondChanceAtRimPctAssisted,SecondChanceCorner3Frequency,SecondChanceArc3Frequency,SecondChanceArc3Accuracy,SecondChanceArc3PctAssisted,PenaltyAtRimFrequency,PenaltyAtRimAccuracy,PenaltyCorner3Frequency,PenaltyCorner3Accuracy,PenaltyArc3Frequency,PenaltyArc3Accuracy,AtRimFG3AFrequency,NonHeaveArc3Accuracy,ShotQualityAvg,SecondChanceShotQualityAvg,PenaltyShotQualityAvg,ShootingFoulsDrawnPct,TwoPtShootingFoulsDrawnPct,ThreePtShootingFoulsDrawnPct,SecondChancePointsPct,PenaltyPointsPct,Avg2ptShotDistance,Avg3ptShotDistance,PenaltyOffPossPct,player_on,SecondChanceCorner3FGM,Clear Path Fouls,Blocked3s,BlockedArc3,BlockedCorner3,OffensiveGoaltends,Arc3PctBlocked,SecondChanceCorner3Accuracy,SecondChanceCorner3PctAssisted,player_id,team_id,year,season,player_vs,3pt And 1 Free Throw Trips,HeaveMakes,FoulsDrawn,Offensive Fouls Drawn,FTA_Rate,TOV%,StepOutOfBoundsTurnovers,Loose Ball Fouls Drawn,NonShootingPenaltyNonTakeFoulsDrawn,BlockingFouls,Charge Fouls,Charge Fouls Drawn,BlockingFoulsDrawn,Transition Take Fouls,Transition Take Fouls Drawn,aEfgPct,aFTA_Rate,aTOV%,aTsPct,aOffFGReboundPct,rEfgPct,rFTA_Rate,rTOV%,rTsPct,rOffFGReboundPct
128158.0,2136.0,-89.0,3975.0,3971.0,1019.0,977.0,494.0,7946.0,549.0,963.0,117.0,228.0,121.0,222.0,288.0,765.0,392.0,981.0,72.0,164.0,8.0,11.0,39.0,166.0,537.0,14.0,46.0,44.0,149.0,1229.0,2709.0,238.0,701.0,828.0,4000.0,4089.0,182.0,397.0,18.0,54.0,119.0,537.0,264.0,620.0,55.0,188.0,354.0,1047.0,1266.0,1192.0,594.0,120.0,192.0,5.0,532.0,166.0,178.0,3.0,633.0,198.0,831.0,131.0,67.0,292.0,100.0,241.0,1860.0,113.0,453.0,12.0,299.0,1037.0,106.0,1442.0,578.0,2020.0,60.0,322.0,184.0,138.0,330.0,84.0,196.0,353.0,16.0,134.0,29.0,683.0,60.0,166.0,427.0,951.0,61.0,121.0,1075.0,94.0,30.0,416.0,10.0,139.0,263.0,181.0,9.0,73.0,267.0,148.0,13.0,27.0,21.0,3463.0,1047.0,1019.0,115.0,0.515052888527258,0.558693733451015,0.8319327731092437,0.3395149786019971,0.3333333333333333,0.2925531914893617,0.3419540229885057,0.453672942045035,0.4584382871536523,0.4258064516129032,0.4651026392961876,0.4634146341463415,0.4288366336633663,0.5121102808554496,0.5095419847328244,0.5153922542204568,0.2055718475073313,0.0042796005706134,0.0657069029162052,0.106957424714434,0.0732026143790849,0.019367991845056,0.0060975609756097,0.4831625183016105,0.9298245614035088,0.0930232558139534,0.6716321243523317,0.3087934560327198,0.7328431372549019,0.2579908675799087,0.6844262295081968,0.2971128608923885,0.3897058823529412,0.2932489451476793,0.2649572649572649,0.2363112391930835,0.3406593406593406,0.5703839122486288,0.6492890995260664,0.7843478260869565,0.7287581699346405,0.7450980392156863,0.0347423277359583,89.2822921706019,0.5543071161048689,16.048553459119496,16.20876353563334,15.220377358490566,15.347015865021405,0.2824046920821114,0.5700934579439252,0.6383720930232558,0.5318761384335154,0.2243401759530791,0.3764705882352941,0.4062059238363892,0.3472222222222222,0.287683284457478,0.399592252803262,0.4074844074844075,0.6147959183673469,0.0480938416422287,0.4390243902439024,0.4417177914110429,0.9305555555555556,0.1574780058651026,0.3091247672253259,0.3102803738317757,0.7891566265060241,0.5055432372505543,0.5131578947368421,0.1709401709401709,0.0177383592017738,0.1019955654101995,0.3043478260869565,0.8571428571428571,0.2747524752475248,0.545045045045045,0.0482673267326732,0.282051282051282,0.1844059405940594,0.2953020134228188,0.4879765395894428,0.3120300751879699,0.4799648692330297,0.4925548517520214,0.468510709838107,0.1138428647781934,0.1372484328604421,0.0140646976090014,0.13425,0.26175,9.292543373938726,25.031954350927244,0.2563522012578616,True,4.0,1.0,4.0,2.0,2.0,2.0,0.0037243947858473,0.5,0.75,2548,1610612748,2004,2003-04,True,,,,,0.3152492668621701,17.126379137412236,8.0,,,,,,,,,0.4537132440358247,0.3276531663628438,16.7031023556287,0.4952614831211953,0.3056725638865487,0.011389395260362922,-0.01240389950067372,0.4232767817835352,0.01684879773425435,-0.008559702994160201
108902.0,1815.0,46.0,3298.0,3303.0,1079.0,893.0,397.0,6601.0,442.0,725.0,114.0,181.0,135.0,233.0,231.0,593.0,325.0,922.0,48.0,124.0,3.0,18.0,41.0,145.0,431.0,11.0,41.0,37.0,150.0,998.0,2240.0,193.0,555.0,784.0,3359.0,3313.0,154.0,305.0,12.0,44.0,128.0,472.0,278.0,663.0,55.0,191.0,362.0,1083.0,1086.0,910.0,456.0,123.0,162.0,3.0,428.0,145.0,127.0,5.0,543.0,152.0,695.0,108.0,44.0,236.0,86.0,221.0,1542.0,94.0,353.0,20.0,279.0,888.0,92.0,1259.0,467.0,1726.0,48.0,256.0,161.0,95.0,260.0,81.0,173.0,264.0,12.0,87.0,20.0,524.0,39.0,146.0,322.0,777.0,56.0,75.0,1025.0,78.0,33.0,379.0,5.0,149.0,167.0,108.0,10.0,49.0,172.0,109.0,12.0,18.0,17.0,2887.0,1083.0,1079.0,100.0,0.5440881763527055,0.5921483097055616,0.7875647668393783,0.3477477477477477,0.2727272727272727,0.2879581151832461,0.3496376811594203,0.4455357142857143,0.5049180327868853,0.4193061840120664,0.4606440071556351,0.492836676217765,0.4221311475409836,0.5127692307692308,0.5542452830188679,0.5009310986964618,0.1985688729874776,0.009009009009009,0.0566964285714285,0.1048275862068965,0.0623946037099494,0.0151843817787418,,0.4961832061068702,0.9108910891089108,0.1639344262295081,0.7178658043654002,0.2881632653061224,0.6788321167883211,0.2716763005780346,0.7081310679611651,0.2845321451304901,0.3829787234042553,0.2619718309859155,0.2585034013605442,0.2740740740740741,0.2631578947368421,0.6107784431137725,0.7076923076923077,0.7854671280276817,0.662613981762918,0.7439024390243902,0.0333102012491325,87.28434739490551,0.6337209302325582,16.018799272286234,16.976082349379354,15.213159490600365,16.096578867696035,0.259391771019678,0.6096551724137931,0.6810477657935285,0.5339366515837104,0.21216457960644,0.3895446880269814,0.4154676258992806,0.3722943722943723,0.3298747763864043,0.3524945770065076,0.3579295154185022,0.68,0.0443649373881932,0.3870967741935484,0.3870967741935484,0.9166666666666666,0.1542039355992844,0.3364269141531322,0.3403755868544601,0.7448275862068966,0.5186246418338109,0.6298342541436464,0.1842105263157894,0.0085959885386819,0.1174785100286533,0.2682926829268293,0.7272727272727273,0.2728337236533958,0.5793991416309013,0.0480093676814988,0.4390243902439024,0.1756440281030445,0.2466666666666666,0.4579606440071556,0.338785046728972,0.4716102793696273,0.4994453287197229,0.467019036427732,0.1238310222508868,0.1491538764266037,0.0089285714285714,0.1405180113128907,0.3224173861268234,9.910357142857148,24.80594594594594,0.3271679805942996,False,1.0,1.0,5.0,4.0,1.0,1.0,0.0116009280742459,0.3333333333333333,,2548,1610612748,2004,2003-04,True,,,,,0.3667262969588551,15.864365728125946,8.0,,,,,,,,,0.4537132440358247,0.3276531663628438,16.7031023556287,0.4952614831211953,0.3056725638865487,0.00693076311981039,0.03907313059601131,-0.8387366275027546,0.017507747648035477,-0.0211404187560586
178662.0,2978.0,-397.0,5643.0,5662.0,1597.0,2002.0,736.0,11305.0,774.0,1368.0,169.0,305.0,219.0,384.0,389.0,1058.0,683.0,1659.0,89.0,228.0,33.0,18.0,61.0,255.0,719.0,26.0,74.0,79.0,232.0,1846.0,4085.0,344.0,947.0,1202.0,5926.0,6323.0,266.0,592.0,41.0,107.0,165.0,820.0,438.0,999.0,97.0,293.0,554.0,1721.0,1892.0,1800.0,882.0,150.0,284.0,10.0,709.0,255.0,349.0,15.0,946.0,294.0,1240.0,208.0,86.0,386.0,124.0,436.0,2774.0,157.0,689.0,17.0,374.0,1266.0,279.0,1919.0,863.0,2782.0,103.0,452.0,303.0,149.0,395.0,111.0,251.0,414.0,20.0,144.0,46.0,809.0,69.0,208.0,744.0,1526.0,68.0,124.0,1579.0,124.0,63.0,580.0,6.0,232.0,191.0,144.0,8.0,39.0,196.0,114.0,13.0,16.0,14.0,5106.0,1721.0,1597.0,233.0,0.5124593716143012,0.5551643192488263,0.8546511627906976,0.3632523759239704,0.3831775700934579,0.3310580204778157,0.3671291355389541,0.4518971848225214,0.4493243243243243,0.4384384384384384,0.46939586645469,0.4685264663805436,0.451625386996904,0.5129257641921398,0.5125313283208021,0.5258620689655172,0.1881955484896661,0.0158394931362196,0.0854345165238678,0.1549707602339181,0.0907372400756143,0.024713682941531,0.0175438596491228,0.488257107540173,0.9,0.092391304347826,0.685064935064935,0.312897366030881,0.700374531835206,0.2749562171628721,0.6884970612930311,0.3050847457627119,0.4173764906303236,0.2911010558069382,0.2636554621848739,0.2708333333333333,0.2877697841726618,0.5983870967741935,0.711764705882353,0.7409470752089137,0.6992084432717678,0.7032258064516129,0.0426148117501034,91.11730530275044,0.5816326530612245,15.668438773701933,15.93871423525256,14.79939748360801,15.313140233133169,0.2718600953895072,0.5657894736842105,0.6695501730103807,0.4987080103359173,0.2102543720190779,0.3676748582230624,0.4043659043659043,0.3187660668380462,0.3296899841017488,0.4116937914406269,0.4221260815822003,0.6383601756954612,0.0453100158982511,0.3903508771929824,0.3973214285714285,0.9662921348314608,0.1428855325914149,0.3546592489568845,0.3601694915254237,0.8156862745098039,0.4363376251788269,0.5540983606557377,0.1124260355029585,0.0472103004291845,0.105865522174535,0.3513513513513513,0.8076923076923077,0.2972136222910216,0.5703125,0.0472136222910216,0.2950819672131147,0.1795665634674922,0.3405172413793103,0.4600556438791733,0.3596614950634696,0.4749071528192863,0.4887970735785952,0.4731642578125001,0.1066812306572,0.1277251706672539,0.0063025210084033,0.1383732703341208,0.2904151198110024,9.73828641370869,25.083210137275604,0.2830054935318093,True,15.0,3.0,5.0,5.0,,3.0,0.015299026425591,0.4545454545454545,0.8666666666666667,2548,1610612748,2005,2004-05,True,1.0,,,,0.31379173290937995,14.26113567293522,6.0,,,,,,,,,0.4870569644066521,0.3392279328768154,15.10772810300628,0.529752553024352,0.3214984623986581,-0.01766109795196208,-0.025436199967435458,-0.8465924300710608,-0.016826788832212225,-0.016413716635946207
61098.0,1018.0,-138.0,1906.0,1903.0,617.0,699.0,230.0,3809.0,238.0,434.0,55.0,102.0,80.0,150.0,141.0,352.0,199.0,565.0,27.0,76.0,13.0,5.0,20.0,70.0,246.0,7.0,22.0,19.0,78.0,578.0,1351.0,97.0,322.0,419.0,1866.0,2004.0,81.0,182.0,13.0,35.0,40.0,241.0,186.0,422.0,24.0,98.0,192.0,636.0,592.0,564.0,252.0,39.0,80.0,4.0,242.0,70.0,104.0,6.0,296.0,84.0,380.0,60.0,24.0,113.0,52.0,131.0,844.0,56.0,209.0,7.0,144.0,430.0,99.0,673.0,272.0,945.0,27.0,159.0,93.0,66.0,133.0,34.0,76.0,142.0,6.0,57.0,15.0,275.0,27.0,80.0,239.0,494.0,18.0,41.0,555.0,46.0,20.0,216.0,4.0,71.0,67.0,47.0,4.0,16.0,68.0,36.0,5.0,7.0,5.0,1625.0,636.0,617.0,68.0,0.5121107266435986,0.550185873605948,0.865979381443299,0.3012422360248447,0.3714285714285714,0.2448979591836734,0.3050314465408805,0.4278312361213915,0.445054945054945,0.4407582938388625,0.4324566646742379,0.4631336405529954,0.4269230769230769,0.4830464267083985,0.48582995951417,0.4968503937007874,0.1924686192468619,0.0186335403726708,0.076980014803849,0.1428571428571428,0.0880681818181818,0.0194690265486725,0.0394736842105263,0.4836363636363636,0.8761061946902655,0.1076923076923077,0.7107438016528925,0.2757255936675462,0.7093596059113301,0.2705314009661835,0.7103960396039604,0.2746113989637305,0.4175257731958763,0.2941176470588235,0.1888888888888888,0.2515723270440251,0.3333333333333333,0.5588235294117647,0.6857142857142857,0.8269230769230769,0.7388535031847133,0.6086956521739131,0.0313953488372093,89.77315133064913,0.5294117647058824,15.822140608604409,16.25906463478718,14.930745015739769,15.595375722543352,0.2594142259414226,0.5483870967741935,0.6397849462365591,0.4747899159663865,0.2104004781829049,0.4005681818181818,0.4392523364485981,0.3687943262411347,0.3377166766288105,0.3522123893805309,0.3592057761732852,0.6582914572864321,0.045427375971309,0.3552631578947368,0.3698630136986301,0.8888888888888888,0.1470412432755529,0.2845528455284553,0.2880658436213992,0.8571428571428571,0.4700460829493088,0.5392156862745098,0.1272727272727272,0.0599078341013824,0.1013824884792626,0.3181818181818182,1.0,0.2884615384615384,0.5333333333333333,0.0384615384615384,0.25,0.15,0.2435897435897435,0.4518828451882845,0.2892561983471074,0.4670513181545834,0.487875,0.4621411821705426,0.1191765980498374,0.1420118343195266,0.0123076923076923,0.1291532690246516,0.3408360128617363,10.059511472982972,25.045031055900623,0.3237145855194124,False,6.0,1.0,1.0,1.0,,2.0,0.0121951219512195,0.4615384615384615,0.6666666666666666,2548,1610612748,2005,2004-05,True,1.0,,,,0.33173939031679617,14.321424851577962,6.0,,,,,,,,,0.4870569644066521,0.3392279328768154,15.10772810300628,0.529752553024352,0.3214984623986581,-0.054600299732414204,-0.00748854256001924,-0.7863032514283184,-0.0467061263159535,-0.0468870634349276
173559.0,2893.0,-485.0,5522.0,5542.0,1668.0,1828.0,643.0,11064.0,787.0,1412.0,155.0,283.0,230.0,413.0,358.0,904.0,606.0,1513.0,112.0,265.0,24.0,34.0,83.0,230.0,690.0,20.0,51.0,55.0,222.0,1751.0,3829.0,342.0,955.0,1225.0,5753.0,6238.0,241.0,494.0,28.0,75.0,154.0,720.0,479.0,1034.0,89.0,305.0,587.0,1812.0,1814.0,1688.0,792.0,234.0,232.0,14.0,676.0,230.0,336.0,13.0,907.0,264.0,1171.0,157.0,107.0,393.0,137.0,377.0,2606.0,148.0,564.0,18.0,460.0,1157.0,213.0,1830.0,730.0,2560.0,78.0,387.0,248.0,139.0,394.0,74.0,241.0,395.0,28.0,153.0,53.0,789.0,65.0,215.0,717.0,1464.0,74.0,123.0,1653.0,123.0,69.0,596.0,14.0,239.0,203.0,138.0,7.0,58.0,211.0,113.0,19.0,11.0,16.0,5033.0,1812.0,1668.0,198.0,0.5179897201599086,0.5547400611620795,0.7719298245614035,0.3581151832460733,0.3733333333333333,0.2918032786885245,0.363443145589798,0.4572995560198485,0.4878542510121457,0.4632495164410058,0.4732441471571906,0.4973637961335677,0.4574309185959671,0.5168845315904139,0.5391566265060241,0.5291691219799647,0.1996237458193979,0.0136125654450261,0.0877513711151736,0.1685552407932011,0.0884955752212389,0.0118968935888962,0.0188679245283018,0.4993662864385297,0.8838174273858921,0.094240837696335,0.6726744186046512,0.2757946210268949,0.7313195548489666,0.2551724137931034,0.6883780332056194,0.2712380952380952,0.3893376413570275,0.258364312267658,0.2072072072072072,0.2592592592592592,0.2432432432432432,0.5436363636363636,0.6806569343065694,0.7797427652733119,0.7438202247191011,0.7010869565217391,0.0341207349081364,91.79679532608507,0.5355450236966824,15.863455269829773,15.510826416456151,15.120970662803332,14.81089859256586,0.2951505016722408,0.5573654390934845,0.6703577512776832,0.4993646759847522,0.1889632107023411,0.3960176991150442,0.4344660194174757,0.38268156424581,0.3162625418060201,0.4005287508261732,0.4053511705685618,0.6221122112211221,0.0553929765886287,0.4226415094339623,0.4307692307692308,0.9553571428571428,0.1442307692307692,0.3333333333333333,0.3372434017595307,0.6826086956521739,0.4973637961335677,0.5477031802120141,0.1741935483870967,0.0421792618629174,0.0896309314586994,0.392156862745098,0.85,0.3084391336818521,0.5569007263922519,0.0619865571321882,0.4096385542168674,0.1657953696788648,0.2477477477477477,0.4947742474916388,0.3402366863905325,0.4828899664499897,0.4976750530785565,0.4812120090634439,0.1157714936420573,0.1385402138540213,0.014477766287487,0.1251520945593603,0.3149661046410568,9.387176808566212,25.054554973822,0.3020644693951467,True,8.0,2.0,8.0,5.0,3.0,1.0,0.0115942028985507,0.3333333333333333,0.875,2548,1610612748,2006,2005-06,True,2.0,,1381.0,136.0,0.3455267558528428,14.164356805354092,14.0,91.0,208.0,,,,,,,0.4979667417035799,0.3538595599448115,14.982574949975636,0.5432761761195904,0.290144727773949,-0.02472259454638931,-0.008332804091968682,-0.8182181446215431,-0.026391644529176528,-0.018906632535853785
63501.0,1058.0,168.0,2013.0,1995.0,646.0,673.0,227.0,4008.0,292.0,461.0,57.0,94.0,98.0,138.0,135.0,330.0,203.0,550.0,41.0,117.0,10.0,13.0,29.0,107.0,287.0,10.0,19.0,37.0,107.0,630.0,1341.0,148.0,404.0,417.0,2121.0,1953.0,83.0,166.0,12.0,29.0,57.0,259.0,200.0,398.0,50.0,136.0,175.0,725.0,620.0,640.0,345.0,99.0,110.0,3.0,284.0,107.0,93.0,,310.0,115.0,425.0,77.0,38.0,138.0,43.0,129.0,965.0,53.0,191.0,10.0,204.0,441.0,94.0,739.0,254.0,993.0,30.0,173.0,107.0,66.0,128.0,29.0,72.0,146.0,10.0,56.0,18.0,274.0,26.0,77.0,196.0,474.0,22.0,46.0,570.0,45.0,22.0,228.0,3.0,63.0,86.0,49.0,5.0,32.0,87.0,53.0,9.0,9.0,11.0,1862.0,725.0,646.0,80.0,0.492063492063492,0.5391304347826087,0.777027027027027,0.3663366336633663,0.4137931034482758,0.3676470588235294,0.3690773067331671,0.4697986577181208,0.5,0.5025125628140703,0.4882521489971346,0.517948717948718,0.5149812734082397,0.5275827482447342,0.5565217391304348,0.5661417322834645,0.2315186246418338,,0.0693512304250559,0.1258134490238611,0.0757575757575757,0.0181818181818181,,0.4671532846715328,0.9306930693069309,0.1234567901234567,0.7090032154340836,0.2752161383285302,0.7906976744186046,0.2190082644628099,0.7329545454545454,0.2606837606837607,0.437125748502994,0.2617801047120419,0.2023809523809523,0.1964285714285714,0.2702702702702703,0.6328502415458938,0.7014218009478673,0.7941176470588235,0.7487179487179487,0.9206349206349206,0.0355029585798816,90.88864742287524,0.6091954022988506,15.323894684550424,16.367919799498747,14.594138102334824,15.73734335839599,0.2641833810888252,0.6334056399132321,0.7245657568238213,0.4726027397260274,0.1891117478510028,0.4090909090909091,0.4426229508196721,0.3185185185185185,0.3151862464183381,0.3690909090909091,0.3759259259259259,0.6354679802955665,0.0670487106017192,0.3504273504273504,0.3504273504273504,0.926829268292683,0.1644699140401146,0.3728222996515679,0.3728222996515679,0.719626168224299,0.482051282051282,0.6063829787234043,0.1052631578947368,0.0512820512820512,0.0974358974358974,0.5263157894736842,0.9,0.2584269662921348,0.7101449275362319,0.0543071161048689,0.4482758620689655,0.2003745318352059,0.3457943925233644,0.495702005730659,0.3767605633802817,0.476143275862069,0.4925283439490445,0.4657721698113211,0.1196271361988607,0.1496062992125984,0.0073710073710073,0.1221122112211221,0.3418198962753418,9.786502609992544,24.995792079207927,0.3209140586189766,False,2.0,,1.0,1.0,,,,0.2,0.5,2548,1610612748,2006,2005-06,True,,,489.0,53.0,0.32664756446991405,13.592618315309057,5.0,30.0,52.0,,,,,,,0.4979667417035799,0.3538595599448115,14.982574949975636,0.5432761761195904,0.290144727773949,-0.009714592706445313,-0.027211995474897444,-1.3899566346665786,-0.01569342787485628,-0.029460967090188306
115842.0,1931.0,-96.0,3674.0,3689.0,928.0,1017.0,499.0,7363.0,595.0,1015.0,138.0,223.0,146.0,236.0,241.0,616.0,379.0,932.0,77.0,209.0,19.0,27.0,64.0,164.0,495.0,19.0,60.0,39.0,153.0,1215.0,2563.0,241.0,704.0,749.0,3902.0,3998.0,202.0,376.0,31.0,79.0,101.0,598.0,272.0,532.0,66.0,217.0,286.0,1028.0,1210.0,1220.0,627.0,96.0,202.0,10.0,484.0,163.0,252.0,7.0,605.0,209.0,814.0,137.0,72.0,306.0,78.0,221.0,1837.0,129.0,426.0,18.0,310.0,820.0,117.0,1247.0,573.0,1820.0,51.0,280.0,164.0,116.0,287.0,50.0,190.0,312.0,19.0,97.0,59.0,599.0,61.0,160.0,442.0,890.0,50.0,96.0,1019.0,122.0,51.0,408.0,5.0,132.0,146.0,100.0,13.0,33.0,147.0,86.0,16.0,18.0,6.0,3304.0,1028.0,928.0,107.0,0.4979423868312757,0.5430879712746858,0.8672199170124482,0.3423295454545454,0.3924050632911392,0.304147465437788,0.345821325648415,0.4740538431525556,0.5372340425531915,0.5112781954887218,0.4825528007346189,0.5461538461538461,0.4953271028037383,0.5233125508267823,0.58203125,0.5498374864572048,0.2154882154882154,0.0099431818181818,0.0983222785797893,0.1655172413793103,0.1022727272727272,0.0225321888412017,0.0095693779904306,0.4791318864774624,0.8863636363636364,0.1176470588235294,0.7002561912894961,0.3203007518796992,0.773067331670823,0.2979214780600462,0.7188295165394402,0.314804310833806,0.4138755980861244,0.2876344086021505,0.2703703703703703,0.3079470198675497,0.2748091603053435,0.5482093663911846,0.6917808219178082,0.812015503875969,0.78839590443686,0.7314814814814815,0.0338196286472148,91.52742528616564,0.5850340136054422,15.734077299945564,15.731905665492004,14.796407185628745,15.093250203307129,0.3106825834098561,0.5862068965517241,0.7024793388429752,0.5142857142857142,0.1885521885521885,0.3912337662337662,0.4358047016274864,0.3236514522821577,0.2852770125497398,0.4066523605150214,0.41602634467618,0.58311345646438,0.0639730639730639,0.3684210526315789,0.3719806763285024,0.935064935064935,0.1515151515151515,0.3313131313131313,0.3346938775510204,0.8353658536585366,0.4901098901098901,0.6188340807174888,0.2246376811594203,0.0417582417582417,0.1318681318681318,0.3166666666666666,0.7894736842105263,0.315086782376502,0.6186440677966102,0.0854472630173564,0.421875,0.2042723631508678,0.2549019607843137,0.5261707988980716,0.3367768595041322,0.4886242163491084,0.499735261707989,0.4852156037991858,0.1161090806859713,0.1432081432081432,0.0070621468926553,0.1532547411583803,0.2634546386468477,8.905501365587202,25.24943181818181,0.2525857376156777,True,12.0,3.0,1.0,,1.0,,0.0101010101010101,0.631578947368421,0.9166666666666666,2548,1610612748,2007,2006-07,True,1.0,1.0,887.0,93.0,0.3119069482705846,16.010220882246024,7.0,57.0,110.0,,,,,,,0.4834913370382478,0.3365478914677999,15.991112308106652,0.5263120466505475,0.299774943735934,-0.0009385363036288896,-0.02464094319721527,0.019108574139371726,-0.0029994958237652414,0.015029367097872004
122418.0,2040.0,171.0,3740.0,3725.0,952.0,976.0,452.0,7465.0,509.0,880.0,110.0,206.0,112.0,209.0,245.0,566.0,395.0,1013.0,89.0,234.0,12.0,26.0,61.0,201.0,557.0,10.0,44.0,48.0,156.0,1149.0,2459.0,290.0,791.0,764.0,3932.0,3761.0,175.0,352.0,16.0,56.0,100.0,498.0,230.0,532.0,74.0,217.0,291.0,973.0,1184.0,1114.0,750.0,120.0,164.0,9.0,548.0,201.0,176.0,7.0,592.0,250.0,842.0,162.0,88.0,286.0,84.0,222.0,1934.0,142.0,369.0,14.0,425.0,827.0,150.0,1402.0,525.0,1927.0,64.0,282.0,174.0,108.0,279.0,51.0,183.0,307.0,12.0,96.0,59.0,586.0,48.0,148.0,386.0,900.0,47.0,112.0,1020.0,81.0,57.0,410.0,9.0,103.0,164.0,105.0,12.0,47.0,167.0,92.0,21.0,14.0,16.0,3434.0,973.0,952.0,110.0,0.515230635335074,0.5548266166822868,0.8620689655172413,0.3666245259165613,0.2857142857142857,0.3410138248847926,0.3708439897698209,0.4672631150874339,0.4971590909090909,0.4323308270676692,0.4873846153846153,0.4877450980392157,0.4552736982643525,0.5268438177874186,0.5220588235294118,0.5232181425485961,0.2433846153846154,0.0088495575221238,0.0715738104920699,0.1340909090909091,0.0848056537102473,0.0098716683119447,0.0213675213675213,0.4761092150170648,0.8620689655172413,0.1029411764705882,0.7147796024200519,0.2876071706936867,0.7671480144404332,0.3002114164904862,0.7317358270017533,0.291002277904328,0.407103825136612,0.240506329113924,0.2396006655574043,0.2917933130699088,0.3194444444444444,0.596100278551532,0.7308781869688386,0.797752808988764,0.7864321608040201,0.717948717948718,0.0405576679340937,87.81061608586973,0.5508982035928144,15.928609625668448,16.871140939597314,15.065508021390375,16.125906040268458,0.2707692307692307,0.5784090909090909,0.6679790026246719,0.5618860510805501,0.1741538461538461,0.4328621908127208,0.4729729729729729,0.3428571428571428,0.3116923076923077,0.3899308983218164,0.3938185443668993,0.5620253164556962,0.072,0.3803418803418803,0.388646288209607,0.9887640449438202,0.1713846153846153,0.3608617594254937,0.3621621621621622,0.8059701492537313,0.5049019607843137,0.5339805825242718,0.2545454545454545,0.0294117647058823,0.1078431372549019,0.2272727272727272,0.9,0.2790387182910547,0.5358851674641149,0.0814419225634179,0.4262295081967213,0.2082777036048064,0.3076923076923077,0.5141538461538462,0.3667883211678832,0.4826344252163164,0.5032624203821655,0.4745066216216214,0.1168758716875871,0.1470588235294117,0.0112923462986198,0.1266531027466938,0.2474567650050864,9.722976819845464,25.19949431099873,0.2545454545454545,False,6.0,,3.0,3.0,,,0.0035906642728904,0.5,1.0,2548,1610612748,2007,2006-07,True,3.0,,861.0,90.0,0.31384615384615383,15.58593542209692,10.0,59.0,84.0,,,,,,,0.4834913370382478,0.3365478914677999,15.991112308106652,0.5263120466505475,0.299774943735934,0.0038932783463674903,-0.022701737621646068,-0.40517688600973223,0.0005317711368710842,-0.008772665831606019
182899.0,3048.0,-212.0,5801.0,5829.0,1686.0,1460.0,710.0,11630.0,952.0,1614.0,190.0,345.0,263.0,449.0,388.0,967.0,438.0,1172.0,163.0,376.0,42.0,43.0,97.0,299.0,819.0,35.0,77.0,80.0,245.0,1778.0,3753.0,462.0,1195.0,1285.0,6227.0,6439.0,264.0,538.0,53.0,119.0,137.0,824.0,464.0,984.0,123.0,342.0,536.0,1833.0,1724.0,1832.0,1194.0,192.0,326.0,10.0,809.0,299.0,344.0,13.0,862.0,398.0,1260.0,242.0,156.0,500.0,123.0,239.0,2918.0,193.0,609.0,27.0,530.0,1407.0,153.0,2090.0,829.0,2919.0,115.0,423.0,243.0,180.0,554.0,101.0,344.0,449.0,53.0,210.0,64.0,1003.0,87.0,299.0,667.0,1292.0,69.0,122.0,1648.0,147.0,54.0,656.0,20.0,188.0,237.0,157.0,19.0,61.0,242.0,135.0,10.0,18.0,14.0,5403.0,1833.0,1686.0,140.0,0.484814398200225,0.5337461300309597,0.8614718614718615,0.3866108786610878,0.4453781512605042,0.3596491228070175,0.389873417721519,0.4737543298694378,0.4907063197026022,0.4715447154471545,0.4993936944219886,0.5228310502283106,0.4890648567119155,0.5457274011299436,0.5555555555555556,0.5546064673581452,0.2415117219078415,0.0108786610878661,0.09166000532907,0.1394052044609665,0.0992761116856256,0.0196245733788395,0.0106382978723404,0.5523429710867398,0.8895348837209303,0.1534090909090909,0.7241379310344828,0.3121476166068683,0.7433380084151473,0.2757142857142857,0.7292921686746988,0.3025273481705017,0.4318181818181818,0.2744755244755245,0.2322670375521557,0.2438524590163934,0.3490566037735849,0.6021314387211367,0.7108910891089109,0.8102857142857143,0.7591093117408907,0.7077625570776256,0.05,91.56529013280554,0.5578512396694215,15.784519910360284,15.668725338823126,14.995345630063785,14.926917138445702,0.3261924009700889,0.5898389095415117,0.6853851691864651,0.5252100840336135,0.1954324979789814,0.4012409513960703,0.4454649827784156,0.3170103092783505,0.2368633791430881,0.3737201365187713,0.381201044386423,0.545662100456621,0.0759902991107518,0.4335106382978723,0.4381720430107527,0.9570552147239264,0.1655214227970897,0.365079365079365,0.3691358024691358,0.8093645484949833,0.5251141552511416,0.5507246376811594,0.131578947368421,0.0639269406392694,0.1171993911719939,0.4545454545454545,0.8571428571428571,0.3386123680241327,0.5857461024498887,0.0731523378582202,0.4432989690721649,0.1847662141779789,0.3265306122448979,0.5677041228779305,0.3695920889987639,0.5024505269558167,0.5124492523364487,0.4916123287671233,0.1234477720964207,0.1539183481933364,0.0164744645799011,0.1323269632246667,0.2943632567849686,8.133359978683721,24.90326359832637,0.2906395449060507,True,18.0,5.0,5.0,3.0,2.0,4.0,0.0109890109890109,0.4285714285714285,0.7777777777777778,2548,1610612748,2009,2008-09,True,1.0,,1304.0,87.0,0.3330638641875505,17.153744065454447,21.0,83.0,164.0,,,,,,,0.4957772198128281,0.3407136878946968,14.679670027114982,0.5395371900826447,0.2837548221174453,0.003616474609160536,-0.007649823707146286,2.474074038339465,0.006190211047298888,0.018772526053056404
56561.0,943.0,191.0,1660.0,1637.0,323.0,258.0,220.0,3297.0,272.0,436.0,69.0,100.0,51.0,88.0,107.0,286.0,172.0,418.0,53.0,103.0,6.0,11.0,18.0,76.0,221.0,5.0,21.0,10.0,46.0,551.0,1140.0,129.0,324.0,324.0,1813.0,1622.0,96.0,158.0,7.0,27.0,32.0,245.0,92.0,200.0,21.0,64.0,101.0,348.0,534.0,568.0,357.0,30.0,100.0,2.0,219.0,76.0,93.0,1.0,267.0,119.0,386.0,66.0,53.0,128.0,33.0,106.0,891.0,58.0,175.0,9.0,202.0,413.0,47.0,662.0,242.0,904.0,26.0,105.0,52.0,53.0,97.0,22.0,64.0,146.0,26.0,33.0,19.0,243.0,35.0,40.0,146.0,340.0,25.0,44.0,438.0,47.0,20.0,188.0,4.0,39.0,91.0,56.0,16.0,19.0,93.0,45.0,1.0,11.0,4.0,1568.0,348.0,323.0,22.0,0.484573502722323,0.5329341317365269,0.9224806201550388,0.3981481481481481,0.2592592592592592,0.328125,0.4006211180124223,0.4833333333333333,0.6075949367088608,0.46,0.5085382513661202,0.5756756756756757,0.4678030303030303,0.5452063106796117,0.5946601941747572,0.5407523510971787,0.221311475409836,0.0030864197530864,0.081578947368421,0.1330275229357798,0.0944055944055944,0.0191387559808612,,0.3991769547325103,0.903846153846154,0.15,0.7035775127768313,0.3038194444444444,0.7345454545454545,0.3101604278074866,0.7134570765661253,0.3053735255570118,0.3540372670807453,0.3559322033898305,0.2310924369747899,0.2971014492753623,0.3469387755102041,0.5569620253164557,0.6666666666666666,0.8049645390070922,0.7291666666666666,0.7469879518072289,0.0387481371087928,83.93910998744718,0.4838709677419355,16.35843373493976,17.96334758704948,15.466265060240964,16.92669517409896,0.2978142076502732,0.6238532110091743,0.7195767195767195,0.4705882352941176,0.1953551912568306,0.3741258741258741,0.4131274131274131,0.308411214953271,0.2855191256830601,0.4114832535885167,0.4195121951219512,0.6162790697674418,0.0703551912568306,0.5145631067961165,0.5145631067961165,1.0,0.1509562841530054,0.3438914027149321,0.3454545454545454,0.868421052631579,0.5405405405405406,0.69,0.1739130434782608,0.0324324324324324,0.1135135135135135,0.238095238095238,0.6,0.3333333333333333,0.5795454545454546,0.0681818181818181,0.6111111111111112,0.1742424242424242,0.217391304347826,0.5191256830601093,0.3470319634703196,0.4845936046511629,0.5055139860139859,0.472986641221374,0.1193287756370416,0.1467603434816549,0.0121951219512195,0.1351351351351351,0.1919470490899062,9.000438596491229,24.830555555555552,0.194578313253012,False,2.0,1.0,2.0,1.0,1.0,,0.004524886877828,0.3333333333333333,1.0,2548,1610612748,2009,2008-09,True,,,391.0,35.0,0.29918032786885246,14.658687836305287,7.0,23.0,31.0,,,,,,,0.4957772198128281,0.3407136878946968,14.679670027114982,0.5395371900826447,0.2837548221174453,0.012761031553292113,-0.041533360025844346,-0.02098219080969521,0.005669120596967003,0.02161870343956651
167553.0,2793.0,-354.0,5304.0,5303.0,1557.0,1354.0,644.0,10607.0,800.0,1360.0,162.0,298.0,213.0,392.0,373.0,903.0,473.0,1196.0,112.0,280.0,23.0,36.0,92.0,263.0,818.0,22.0,76.0,79.0,242.0,1646.0,3459.0,375.0,1098.0,1162.0,5579.0,5933.0,243.0,484.0,31.0,99.0,164.0,743.0,418.0,925.0,115.0,334.0,502.0,1683.0,1594.0,1698.0,948.0,177.0,266.0,18.0,798.0,261.0,310.0,8.0,797.0,316.0,1113.0,206.0,110.0,413.0,124.0,260.0,2542.0,169.0,546.0,24.0,451.0,1228.0,151.0,1830.0,739.0,2569.0,77.0,370.0,214.0,156.0,446.0,95.0,328.0,411.0,34.0,118.0,42.0,857.0,70.0,228.0,644.0,1211.0,57.0,120.0,1524.0,143.0,49.0,625.0,19.0,161.0,248.0,162.0,19.0,67.0,255.0,150.0,10.0,21.0,26.0,4836.0,1683.0,1557.0,131.0,0.4842041312272175,0.5267680105750165,0.8426666666666667,0.3415300546448087,0.3131313131313131,0.344311377245509,0.3453703703703704,0.475860075166233,0.5020661157024794,0.4518918918918919,0.4846390168970814,0.4965694682675814,0.4690230341540905,0.5307707055214724,0.5482912332838039,0.5376690276883451,0.2409479921000658,0.0072859744990892,0.0896212778259612,0.1455882352941176,0.0963455149501661,0.0209030100334448,0.0035714285714285,0.5204200700116686,0.8728323699421965,0.1283422459893048,0.6973310618966496,0.3072594259988745,0.7297734627831716,0.2488954344624447,0.7057587221521647,0.2911237785016287,0.4145454545454545,0.3078393881453155,0.2230113636363636,0.2495164410058027,0.2469135802469135,0.5975609756097561,0.6636771300448431,0.7752126366950183,0.7341772151898734,0.7152777777777778,0.035813953488372,91.15969275393456,0.5882352941176471,15.648567119155354,15.94437111069206,14.851621417797888,15.182349613426362,0.2984419574281325,0.5882352941176471,0.6884681583476764,0.51625,0.1981566820276497,0.4130675526024363,0.4571078431372549,0.3324396782841823,0.2624533684441518,0.3954849498327759,0.4039282664389411,0.5496828752642706,0.0614439324116743,0.4,0.4014336917562724,0.9821428571428572,0.1795040596883914,0.3215158924205379,0.3242909987669544,0.7832699619771863,0.5111492281303602,0.5436241610738255,0.1481481481481481,0.039451114922813,0.1303602058319039,0.2894736842105263,0.9090909090909092,0.3113582208101668,0.5433673469387755,0.0730738681493248,0.391304347826087,0.1922160444797458,0.3264462809917355,0.5393899495281984,0.3270676691729323,0.4973609481808161,0.5114741666666668,0.487276626506024,0.1273986152324431,0.1585891905607713,0.0170556552962298,0.1331779888868973,0.3016669654059867,8.726597282451575,25.29125683060108,0.293552036199095,True,9.0,1.0,7.0,4.0,3.0,3.0,0.0085574572127139,0.391304347826087,1.0,2548,1610612748,2010,2009-10,True,3.0,2.0,1189.0,95.0,0.3344305464121132,16.03199664768518,17.0,75.0,149.0,,,,,,,0.4955714061765167,0.3485656058943408,14.594654631551002,0.5399049881235154,0.3000294724432655,-0.010932389279435295,-0.014135059482227597,1.4373420161341777,-0.009134282602042965,-0.008905693941636816
71007.0,1183.0,167.0,2098.0,2087.0,357.0,313.0,275.0,4185.0,315.0,568.0,70.0,129.0,54.0,93.0,143.0,381.0,185.0,469.0,45.0,108.0,10.0,6.0,14.0,104.0,325.0,7.0,29.0,20.0,69.0,643.0,1418.0,149.0,433.0,415.0,2148.0,1981.0,104.0,208.0,12.0,39.0,55.0,299.0,105.0,227.0,26.0,83.0,88.0,376.0,622.0,664.0,363.0,84.0,110.0,4.0,321.0,104.0,135.0,4.0,311.0,121.0,432.0,77.0,44.0,157.0,48.0,106.0,985.0,72.0,243.0,7.0,201.0,572.0,55.0,828.0,322.0,1150.0,27.0,147.0,76.0,71.0,159.0,32.0,101.0,168.0,19.0,58.0,30.0,327.0,30.0,37.0,191.0,428.0,30.0,41.0,567.0,59.0,13.0,272.0,4.0,30.0,99.0,60.0,9.0,30.0,100.0,49.0,5.0,13.0,17.0,1849.0,376.0,357.0,25.0,0.4836702954898911,0.5289115646258503,0.8120805369127517,0.3441108545034642,0.3076923076923077,0.3132530120481928,0.3473193473193473,0.4534555712270804,0.5,0.4625550660792951,0.4681253376553214,0.4939271255060729,0.4645161290322581,0.5104911778731521,0.5282685512367491,0.5067750677506775,0.2339276066990815,0.0092378752886836,0.0952045133991537,0.1461267605633802,0.0997375328083989,0.0298507462686567,,0.4862385321100917,0.9482758620689656,0.0933333333333333,0.7079207920792079,0.3155844155844156,0.7613636363636364,0.2627737226277372,0.7210820895522388,0.3017241379310345,0.4031620553359684,0.2995780590717299,0.25,0.2688679245283019,0.2419354838709677,0.5214723926380368,0.6631016042780749,0.7925764192139738,0.7732558139534884,0.7391304347826086,0.0297356828193832,84.87050572478769,0.49,15.954718779790277,17.984666986104457,15.108198284080077,17.022041207474846,0.3068611561318206,0.5545774647887324,0.6494845360824743,0.4984126984126984,0.2058346839546191,0.3753280839895013,0.4169096209912536,0.3356643356643357,0.2533765532144786,0.394456289978678,0.4065934065934066,0.572972972972973,0.0583468395461912,0.4166666666666667,0.4166666666666667,0.9777777777777776,0.1755807671528903,0.32,0.3239875389408099,0.7403846153846154,0.5222672064777328,0.5426356589147286,0.1714285714285714,0.0404858299595141,0.117408906882591,0.2413793103448276,0.8571428571428571,0.3,0.5806451612903226,0.0451612903225806,0.4285714285714285,0.2225806451612903,0.2898550724637681,0.5407887628309023,0.3239875389408099,0.4918773957769357,0.5024636363636366,0.4894821895424837,0.1335268505079825,0.1667688534641324,0.0091743119266055,0.1391992551210428,0.1750465549348231,8.428279266572638,25.25011547344112,0.1701620591039085,False,5.0,1.0,1.0,1.0,,2.0,0.0123076923076923,0.5,0.8,2548,1610612748,2010,2009-10,True,1.0,,518.0,57.0,0.3063209076175041,15.53090031726732,6.0,35.0,23.0,,,,,,,0.4955714061765167,0.3485656058943408,14.594654631551002,0.5399049881235154,0.3000294724432655,-0.0274460685211953,-0.042244698276836745,0.9362456857163188,-0.02941381025036327,0.001694665487768976
169391.0,2823.0,-574.0,5372.0,5378.0,1151.0,1364.0,633.0,10750.0,831.0,1494.0,166.0,304.0,180.0,325.0,392.0,981.0,452.0,1143.0,127.0,300.0,29.0,37.0,76.0,270.0,828.0,38.0,90.0,51.0,200.0,1675.0,3618.0,397.0,1128.0,1056.0,5597.0,6171.0,232.0,481.0,49.0,119.0,105.0,716.0,322.0,680.0,88.0,276.0,355.0,1263.0,1736.0,1614.0,1026.0,165.0,276.0,7.0,821.0,270.0,312.0,12.0,868.0,342.0,1210.0,221.0,121.0,444.0,151.0,273.0,2762.0,162.0,543.0,19.0,425.0,1147.0,188.0,1760.0,724.0,2484.0,87.0,413.0,262.0,151.0,406.0,84.0,280.0,359.0,49.0,126.0,45.0,765.0,61.0,155.0,745.0,1341.0,71.0,59.0,1403.0,105.0,55.0,556.0,20.0,146.0,172.0,108.0,11.0,53.0,176.0,95.0,20.0,19.0,20.0,4881.0,1252.0,1143.0,158.0,0.5182089552238806,0.564736499674691,0.8614609571788413,0.3519503546099291,0.4117647058823529,0.3188405797101449,0.3541480820695807,0.4629629629629629,0.4823284823284823,0.4735294117647058,0.4784028655710071,0.5091666666666667,0.4748953974895397,0.5176338869192013,0.5359820089955023,0.5336456558773425,0.2376738305941845,0.0106382978723404,0.0862354892205638,0.143908969210174,0.0835881753312946,0.0131233595800524,0.01,0.530718954248366,0.8995215311004785,0.1144578313253012,0.6839594514013119,0.2822245322245322,0.7535460992907801,0.2288135593220339,0.7014725568942436,0.2678571428571428,0.3966565349544073,0.2590051457975986,0.191800878477306,0.2374768089053803,0.2011834319526627,0.5720524017467249,0.6777777777777778,0.7542262678803641,0.7552631578947369,0.75,0.0375809935205183,91.38620115590555,0.5397727272727273,15.84884586746091,15.66586091483823,15.143894266567386,14.957791000371886,0.3147914032869785,0.5562248995983936,0.6497263487099296,0.5342960288808665,0.2067003792667509,0.399592252803262,0.4360400444938821,0.3852040816326531,0.2408343868520859,0.3954505686789151,0.400709219858156,0.6039823008849557,0.0632111251580278,0.4233333333333333,0.4276094276094276,0.952755905511811,0.1744627054361567,0.3260869565217391,0.3296703296703296,0.8185185185185185,0.5066666666666667,0.5460526315789473,0.1204819277108433,0.0483333333333333,0.15,0.4222222222222222,0.8421052631578947,0.3399581589958159,0.5538461538461539,0.0794979079497908,0.4868421052631579,0.209205020920502,0.255,0.5524652338811631,0.3288672350791717,0.4969792124155404,0.5130815000000002,0.4927117492096947,0.1104929982735469,0.1366429098058491,0.0174825174825174,0.1279256744684652,0.225656601750938,8.846849087893862,25.025709219858165,0.214259121370067,True,11.0,3.0,4.0,3.0,1.0,2.0,0.0108695652173913,0.3793103448275862,0.9090909090909092,2548,1610612748,2011,2010-11,True,4.0,,1188.0,87.0,0.2956173619890434,14.155342392752466,12.0,63.0,115.0,26.0,27.0,40.0,20.0,,,0.4781516625468463,0.3337851845945299,15.156515637696875,0.5250190852939135,0.3071962479847574,0.0002512030241607621,-0.03816782260548646,-1.0011732449444093,-0.007385198374712187,-0.039339105127614626
67969.0,1133.0,-38.0,2099.0,2089.0,697.0,733.0,277.0,4188.0,337.0,581.0,86.0,148.0,89.0,168.0,131.0,352.0,180.0,479.0,41.0,127.0,12.0,13.0,38.0,108.0,329.0,9.0,29.0,30.0,107.0,648.0,1412.0,149.0,456.0,417.0,2160.0,2198.0,123.0,231.0,12.0,41.0,50.0,332.0,194.0,436.0,43.0,145.0,181.0,698.0,626.0,670.0,384.0,63.0,148.0,12.0,316.0,107.0,103.0,3.0,313.0,128.0,441.0,89.0,39.0,165.0,50.0,98.0,1010.0,82.0,244.0,7.0,250.0,462.0,52.0,764.0,333.0,1097.0,38.0,160.0,86.0,74.0,138.0,33.0,88.0,178.0,12.0,50.0,29.0,316.0,27.0,103.0,217.0,447.0,24.0,37.0,577.0,46.0,21.0,232.0,3.0,66.0,67.0,43.0,8.0,16.0,70.0,37.0,1.0,8.0,18.0,1828.0,698.0,697.0,55.0,0.4830246913580246,0.5452961672473867,0.8590604026845637,0.3267543859649123,0.2926829268292683,0.296551724137931,0.3333333333333333,0.4589235127478753,0.5324675324675324,0.4449541284403669,0.466541755888651,0.5183823529411765,0.4449225473321859,0.5047125353440151,0.5409836065573771,0.495702005730659,0.2441113490364025,0.006578947368421,0.0729461756373937,0.1256454388984509,0.0625,0.0167014613778705,0.0078740157480314,0.4367088607594936,0.8387096774193549,0.0795454545454545,0.7298578199052133,0.3253333333333333,0.7739938080495357,0.2918149466192171,0.7447698744769874,0.3161978661493695,0.4625,0.3055555555555556,0.227891156462585,0.2944162436548223,0.2857142857142857,0.680327868852459,0.7337278106508875,0.7456140350877193,0.7894736842105263,0.7368421052631579,0.040992448759439,88.72750812870574,0.5285714285714286,15.50166746069557,16.960746768788894,14.702239161505478,16.04930588798468,0.3110278372591006,0.5800344234079173,0.6633858267716536,0.4896142433234421,0.1884368308351177,0.3721590909090909,0.396969696969697,0.3816793893129771,0.256423982869379,0.3757828810020877,0.3821656050955414,0.5444444444444444,0.0679871520342612,0.3228346456692913,0.3253968253968254,0.951219512195122,0.1761241970021413,0.3282674772036474,0.3302752293577982,0.8240740740740741,0.5441176470588235,0.581081081081081,0.1511627906976744,0.0441176470588235,0.1066176470588235,0.3103448275862069,0.8888888888888888,0.2891566265060241,0.5297619047619048,0.0654044750430292,0.3421052631578947,0.1841652323580034,0.2803738317757009,0.5551391862955032,0.3386075949367088,0.4886261853448276,0.5221100917431194,0.4727025217391304,0.1142996108949416,0.1451814768460575,0.0065502183406113,0.1537037037037037,0.3231481481481481,9.114447592067991,25.50153508771932,0.33206288708909,False,3.0,1.0,3.0,1.0,2.0,2.0,0.0060790273556231,0.25,1.0,2548,1610612748,2011,2010-11,True,1.0,1.0,483.0,45.0,0.3088865096359743,15.012732317281744,8.0,44.0,58.0,7.0,26.0,10.0,5.0,,,0.4781516625468463,0.3337851845945299,15.156515637696875,0.5250190852939135,0.3071962479847574,-0.011609906658195335,-0.024898674958555578,-0.14378332041513175,-0.020306549949898445,0.00900161816461209
97509.0,1625.0,-343.0,3110.0,3130.0,512.0,617.0,403.0,6240.0,486.0,904.0,116.0,212.0,73.0,138.0,194.0,517.0,233.0,653.0,67.0,169.0,16.0,12.0,27.0,186.0,501.0,17.0,41.0,33.0,88.0,913.0,2074.0,253.0,670.0,517.0,3102.0,3445.0,154.0,332.0,20.0,57.0,68.0,436.0,117.0,286.0,45.0,115.0,143.0,512.0,906.0,920.0,648.0,111.0,190.0,5.0,495.0,185.0,206.0,3.0,453.0,216.0,669.0,150.0,66.0,233.0,78.0,142.0,1554.0,99.0,378.0,13.0,183.0,765.0,85.0,1033.0,490.0,1523.0,52.0,283.0,175.0,108.0,319.0,55.0,202.0,242.0,23.0,117.0,28.0,561.0,57.0,94.0,379.0,687.0,26.0,49.0,712.0,48.0,23.0,299.0,9.0,56.0,139.0,86.0,12.0,41.0,141.0,68.0,7.0,13.0,14.0,2666.0,508.0,510.0,57.0,0.4961664841182913,0.5537897310513448,0.8537549407114624,0.3776119402985075,0.3508771929824561,0.391304347826087,0.3789473684210526,0.440212150433944,0.463855421686747,0.4090909090909091,0.4710276967930029,0.4730077120822622,0.4600997506234414,0.5042483660130719,0.5023041474654378,0.5203665987780041,0.2441690962099125,0.0044776119402985,0.0993249758919961,0.1504424778761062,0.1179883945841392,0.0137825421133231,0.0177514792899408,0.5686274509803921,0.934065934065934,0.1326530612244898,0.703771849126035,0.3292682926829268,0.7065637065637066,0.245049504950495,0.7043090638930164,0.3073453608247423,0.4447115384615384,0.3113207547169811,0.2270531400966183,0.2145214521452145,0.3366336633663366,0.5878787878787879,0.7024539877300614,0.7935034802784223,0.6994219653179191,0.7209302325581395,0.0385470719051149,92.15149370827308,0.4822695035460992,16.30064308681672,14.956549520766773,15.488745980707396,14.284984025559105,0.3294460641399417,0.5376106194690266,0.6328125,0.4794238683127572,0.1884110787172011,0.3752417794970986,0.425438596491228,0.4020618556701031,0.2379737609329446,0.3568147013782542,0.3618012422360248,0.6094420600858369,0.0615889212827988,0.3964497041420118,0.4036144578313253,0.9850746268656716,0.1825801749271137,0.3712574850299401,0.3712574850299401,0.8064516129032258,0.5449871465295629,0.5471698113207547,0.1034482758620689,0.0411311053984575,0.1053984575835475,0.4146341463414634,0.8235294117647058,0.3441396508728179,0.5289855072463768,0.0673316708229426,0.4444444444444444,0.2194513715710723,0.375,0.5736151603498543,0.3737373737373737,0.5163516075995613,0.5338882440476191,0.5103430555555555,0.1025299600532623,0.1286021505376344,0.0132547864506627,0.1405544809800128,0.1650548033526757,8.563307618129219,25.0544776119403,0.1646302250803858,True,3.0,3.0,2.0,1.0,1.0,2.0,,0.1875,1.0,2548,1610612748,2012,2011-12,True,,1.0,624.0,37.0,0.2594752186588921,17.933177337067015,13.0,45.0,42.0,8.0,19.0,17.0,11.0,,,0.4756797583081571,0.3000755287009063,14.97367499230418,0.5172724241413804,0.2914427449359239,-0.004652061515154238,-0.0406003100420142,2.9595023447628357,-0.013024058128308535,0.01590261588881836
94971.0,1583.0,-52.0,2976.0,2964.0,898.0,815.0,355.0,5940.0,444.0,754.0,92.0,165.0,122.0,206.0,194.0,488.0,255.0,633.0,64.0,158.0,15.0,16.0,45.0,162.0,490.0,22.0,44.0,59.0,164.0,893.0,1875.0,226.0,648.0,539.0,3003.0,3055.0,144.0,274.0,26.0,59.0,65.0,431.0,240.0,493.0,75.0,209.0,244.0,949.0,870.0,916.0,579.0,99.0,130.0,12.0,476.0,160.0,143.0,3.0,435.0,193.0,628.0,131.0,62.0,223.0,73.0,139.0,1449.0,105.0,295.0,10.0,273.0,680.0,68.0,1021.0,410.0,1431.0,42.0,266.0,174.0,92.0,266.0,70.0,173.0,280.0,18.0,93.0,40.0,546.0,43.0,162.0,294.0,669.0,29.0,57.0,745.0,73.0,18.0,315.0,5.0,80.0,135.0,97.0,5.0,33.0,139.0,60.0,10.0,6.0,12.0,2572.0,948.0,897.0,71.0,0.4871220604703247,0.5253623188405797,0.8539823008849557,0.3487654320987654,0.4406779661016949,0.3588516746411483,0.3522012578616352,0.4762666666666666,0.5255474452554745,0.486815415821501,0.4883075703527547,0.5495495495495496,0.5021367521367521,0.5243945243945244,0.5860655737704918,0.5502923976608187,0.2568370986920333,0.0046296296296296,0.0762666666666666,0.143236074270557,0.0594262295081967,0.0094786729857819,,0.4871794871794871,0.8607594936708861,0.0952380952380952,0.6868686868686869,0.3060165975103734,0.7479452054794521,0.2692307692307692,0.7033210332103321,0.2954209748892171,0.4025974025974026,0.273356401384083,0.2506811989100817,0.265993265993266,0.2795698924731182,0.5392156862745098,0.7447552447552448,0.7587939698492462,0.7758620689655172,0.6992481203007519,0.0346820809248554,90.06538838171653,0.4316546762589928,15.78393817204301,16.19365721997301,14.92372311827957,15.33434547908232,0.2988505747126437,0.5888594164456233,0.6873065015479877,0.5022522522522522,0.1934205311137534,0.3975409836065574,0.4226579520697168,0.3762886597938144,0.2508917954815695,0.4028436018957346,0.4066985645933014,0.5450980392156862,0.0626238604835513,0.4050632911392405,0.4050632911392405,0.96875,0.1942132382084819,0.3306122448979592,0.3326488706365503,0.808641975308642,0.4954954954954955,0.5575757575757576,0.1739130434782608,0.045045045045045,0.1321321321321321,0.5,0.8636363636363636,0.2934472934472934,0.5922330097087378,0.0641025641025641,0.3555555555555555,0.2336182336182336,0.3597560975609756,0.555687673404677,0.3361344537815126,0.5086847704590818,0.5262820224719099,0.5024304949053856,0.1155651859877212,0.1487954652810581,0.0076687116564417,0.1435231435231435,0.316017316017316,9.076640000000005,25.520216049382704,0.301747311827957,False,4.0,3.0,4.0,2.0,2.0,3.0,0.0061224489795918,0.2666666666666666,1.0,2548,1610612748,2012,2011-12,True,1.0,2.0,658.0,47.0,0.29528339278636545,18.280433909200482,11.0,46.0,69.0,6.0,30.0,17.0,13.0,,,0.4756797583081571,0.3000755287009063,14.97367499230418,0.5172724241413804,0.2914427449359239,0.012627812044597564,-0.004792135914540863,3.306758916896303,0.00712210025314397,0.003978229953293166
143433.0,2391.0,-571.0,4529.0,4537.0,828.0,891.0,572.0,9066.0,767.0,1299.0,185.0,291.0,127.0,220.0,298.0,737.0,329.0,848.0,109.0,311.0,17.0,14.0,45.0,254.0,763.0,24.0,69.0,49.0,153.0,1394.0,2884.0,363.0,1074.0,785.0,4662.0,5233.0,255.0,445.0,29.0,86.0,142.0,739.0,226.0,492.0,63.0,198.0,229.0,870.0,1414.0,1374.0,930.0,159.0,292.0,4.0,759.0,254.0,251.0,5.0,707.0,310.0,1017.0,205.0,105.0,387.0,122.0,198.0,2344.0,170.0,496.0,10.0,433.0,952.0,110.0,1495.0,676.0,2171.0,85.0,389.0,241.0,148.0,480.0,87.0,352.0,358.0,30.0,128.0,55.0,838.0,60.0,130.0,506.0,1032.0,54.0,41.0,1018.0,87.0,21.0,446.0,11.0,86.0,144.0,101.0,6.0,37.0,148.0,84.0,12.0,6.0,20.0,3923.0,858.0,820.0,91.0,0.5071736011477762,0.5665064102564102,0.8539944903581267,0.3379888268156424,0.3372093023255814,0.3181818181818182,0.3392523364485981,0.4833564493758668,0.5730337078651685,0.4593495934959349,0.4897675593734209,0.5621468926553672,0.4644927536231884,0.52665003402132,0.6011419249592169,0.5223160434258143,0.2713491662455786,0.0046554934823091,0.0870319001386962,0.1208622016936104,0.0963364993215739,0.0271226415094339,,0.5727923627684964,0.8870967741935484,0.0892857142857142,0.7245053272450532,0.3371855880353501,0.7901459854014599,0.2492668621700879,0.7438238453276047,0.3093358104969809,0.4328922495274102,0.3287037037037037,0.2450980392156862,0.2236024844720497,0.3115577889447236,0.6253041362530414,0.7112860892388452,0.8122605363984674,0.7941176470588235,0.7836538461538461,0.0446194225721784,91.01838489050635,0.5675675675675675,16.212629719584896,15.430019836896628,15.468315301391035,14.787965616045843,0.3281960586154623,0.590454195535027,0.6716287215411558,0.5045632333767927,0.1862051541182415,0.4043419267299864,0.4474474474474474,0.4093959731543624,0.2142496210207175,0.3879716981132075,0.3987878787878788,0.601823708206687,0.0785750378979282,0.3504823151125402,0.3504823151125402,0.963302752293578,0.1927741283476503,0.3328964613368283,0.3350923482849604,0.8070866141732284,0.5480225988700564,0.6357388316151202,0.1459459459459459,0.032015065913371,0.1299435028248587,0.3478260869565217,0.7916666666666666,0.3188405797101449,0.5772727272727273,0.0652173913043478,0.3111111111111111,0.2217391304347826,0.3202614379084967,0.5995452248610409,0.3346508563899868,0.5197411772151899,0.5360347087378641,0.5049684671532847,0.1057136247975942,0.1375269811902559,0.0101851851851851,0.1585156585156585,0.1866151866151866,8.172330097087379,25.00279329608939,0.1828218149701921,True,5.0,4.0,4.0,1.0,3.0,3.0,0.0065530799475753,0.2941176470588235,1.0,2548,1610612748,2013,2012-13,True,5.0,,918.0,40.0,0.25720060636685194,18.345330040806317,18.0,59.0,66.0,18.0,58.0,30.0,21.0,,,0.4857365145228215,0.3026081802015412,15.21953893977873,0.5255395683453238,0.2889160554197229,0.004031044850599408,-0.04540757383468924,3.1257911010275876,0.0011104656759962639,0.020419755077258017
95127.0,1585.0,-74.0,2942.0,2944.0,916.0,987.0,406.0,5886.0,488.0,856.0,106.0,204.0,132.0,255.0,196.0,533.0,217.0,577.0,63.0,193.0,17.0,15.0,51.0,198.0,516.0,23.0,45.0,54.0,161.0,901.0,1966.0,261.0,709.0,544.0,3129.0,3203.0,153.0,334.0,29.0,62.0,76.0,469.0,242.0,582.0,69.0,212.0,246.0,937.0,836.0,966.0,660.0,123.0,176.0,14.0,501.0,197.0,182.0,3.0,418.0,220.0,638.0,158.0,62.0,234.0,75.0,109.0,1496.0,104.0,361.0,10.0,381.0,564.0,70.0,1015.0,475.0,1490.0,52.0,260.0,181.0,79.0,230.0,58.0,170.0,212.0,22.0,60.0,21.0,442.0,42.0,130.0,270.0,641.0,30.0,27.0,717.0,54.0,12.0,296.0,11.0,70.0,109.0,66.0,6.0,37.0,114.0,71.0,3.0,6.0,11.0,2660.0,937.0,916.0,80.0,0.4639289678135405,0.5141451414514145,0.842911877394636,0.3681241184767277,0.4677419354838709,0.3254716981132075,0.3741007194244604,0.4582909460834181,0.4580838323353293,0.415807560137457,0.4831775700934579,0.4962121212121212,0.4351385390428212,0.5210350584307178,0.5293453724604966,0.5016111707841031,0.2650467289719626,0.004231311706629,0.0925737538148524,0.1436915887850467,0.0975609756097561,0.0121317157712305,,0.5203619909502263,0.7954545454545454,0.1098901098901098,0.749003984063745,0.3441372735938989,0.7696969696969697,0.2580645161290322,0.7572115384615384,0.3202479338842975,0.4590163934426229,0.3212121212121212,0.2464589235127478,0.2355072463768115,0.3070866141732283,0.6902654867256637,0.7551867219917012,0.7902097902097902,0.7953020134228188,0.7309644670050761,0.040912667191188,89.10025544798006,0.6228070175438597,15.824269204622706,16.498641304347824,14.933718558803536,15.758152173913045,0.32,0.5700934579439252,0.6657571623465212,0.4795081967213114,0.1992523364485981,0.3677298311444653,0.4074844074844075,0.3826530612244898,0.2157009345794392,0.3760831889081455,0.3807017543859649,0.5023041474654378,0.0721495327102803,0.3264248704663212,0.3264248704663212,0.984126984126984,0.1928971962616822,0.3837209302325581,0.3859649122807017,0.797979797979798,0.5151515151515151,0.5196078431372549,0.1132075471698113,0.0429292929292929,0.1136363636363636,0.5111111111111111,0.8695652173913043,0.3211586901763224,0.5176470588235295,0.0642317380352644,0.2941176470588235,0.2027707808564231,0.3354037267080745,0.5850467289719626,0.3932135728542914,0.5115658440090428,0.5208295252225517,0.500672349936143,0.1049572649572649,0.1340579710144927,0.0153417015341701,0.1498881431767337,0.2994566954298498,8.348626653102743,25.709449929478133,0.3113528212100612,False,6.0,1.0,5.0,2.0,3.0,3.0,0.005813953488372,0.3529411764705882,1.0,2548,1610612748,2013,2012-13,True,3.0,1.0,608.0,42.0,0.2680373831775701,14.945156011198723,8.0,38.0,65.0,5.0,26.0,19.0,18.0,,,0.4857365145228215,0.3026081802015412,15.21953893977873,0.5255395683453238,0.2889160554197229,-0.0025589444293636077,-0.03457079702397109,-0.2743829285800068,-0.004504509914605936,0.031331878464574636
106474.0,1775.0,-141.0,3424.0,3418.0,656.0,608.0,440.0,6842.0,562.0,949.0,134.0,211.0,96.0,169.0,231.0,549.0,220.0,568.0,101.0,253.0,21.0,18.0,33.0,215.0,615.0,19.0,58.0,45.0,135.0,1013.0,2066.0,316.0,868.0,628.0,3602.0,3743.0,183.0,317.0,30.0,79.0,69.0,525.0,168.0,355.0,63.0,168.0,209.0,734.0,1024.0,1002.0,825.0,123.0,222.0,3.0,612.0,215.0,176.0,5.0,512.0,275.0,787.0,177.0,98.0,289.0,100.0,123.0,1849.0,133.0,364.0,13.0,350.0,699.0,86.0,1135.0,510.0,1645.0,50.0,322.0,205.0,117.0,349.0,76.0,247.0,279.0,22.0,102.0,44.0,628.0,63.0,97.0,380.0,754.0,37.0,30.0,853.0,61.0,20.0,351.0,19.0,72.0,108.0,78.0,3.0,27.0,112.0,61.0,9.0,10.0,16.0,3077.0,734.0,656.0,59.0,0.5054294175715696,0.5676274944567627,0.870253164556962,0.3640552995391705,0.379746835443038,0.375,0.3653179190751445,0.4903194578896418,0.5772870662460567,0.4732394366197183,0.5068166325835037,0.5757575757575758,0.5019120458891013,0.5418302627604953,0.5968109339407744,0.5612557427258805,0.2958418541240627,0.0057603686635944,0.0851887705711519,0.1412012644889357,0.0564663023679417,0.0193661971830985,0.0039525691699604,0.5557324840764332,0.86,0.1313131313131313,0.7672886937431395,0.3503368623676612,0.8101851851851852,0.2458410351201478,0.7810871183916605,0.3145569620253164,0.4609375,0.3322784810126582,0.2418879056047197,0.2538461538461538,0.2251655629139073,0.6262295081967213,0.7489711934156379,0.8980716253443526,0.7945205479452054,0.8428571428571429,0.0356379187455452,92.53413978999568,0.5446428571428571,15.861565420560748,15.261556465769456,15.106016355140186,14.751316559391457,0.3234492160872529,0.5922023182297155,0.6895705521472393,0.5142348754448398,0.1871165644171779,0.4207650273224044,0.4459459459459459,0.4329004329004329,0.1935923653715064,0.3873239436619718,0.3949730700179533,0.5590909090909091,0.0862304021813224,0.3992094861660079,0.4007936507936508,0.9702970297029704,0.2096114519427402,0.3495934959349593,0.3518821603927987,0.8232558139534883,0.5328282828282829,0.6350710900473934,0.1343283582089552,0.053030303030303,0.1464646464646464,0.3275862068965517,0.8421052631578947,0.3231357552581262,0.5680473372781065,0.0630975143403441,0.5454545454545454,0.2581261950286806,0.3333333333333333,0.6192910702113156,0.3513071895424836,0.5152078210382511,0.5339026490066227,0.4936818007662836,0.1142327878974992,0.148981324278438,0.0215175537938844,0.145752359800111,0.203775680177679,7.888770571151983,24.9188940092166,0.1915887850467289,True,11.0,1.0,4.0,4.0,,1.0,0.0065040650406504,0.5238095238095238,0.9090909090909092,2548,1610612748,2014,2013-14,True,4.0,,719.0,36.0,0.2907293796864349,18.323354691128927,12.0,33.0,62.0,23.0,32.0,19.0,20.0,,,0.5046000421377905,0.3083783973593651,14.520143253981862,0.5446461652463875,0.2825052854122621,0.002216590445713207,-0.0176490176729302,3.8032114371470644,-0.002815902485892252,0.0320516766130543
132086.0,2201.0,-249.0,4112.0,4117.0,1166.0,1307.0,511.0,8229.0,723.0,1169.0,142.0,245.0,197.0,308.0,280.0,639.0,251.0,684.0,121.0,299.0,18.0,26.0,71.0,257.0,750.0,22.0,68.0,73.0,241.0,1254.0,2492.0,378.0,1049.0,746.0,4388.0,4637.0,193.0,378.0,31.0,86.0,89.0,568.0,344.0,622.0,99.0,312.0,324.0,1309.0,1290.0,1218.0,957.0,177.0,230.0,11.0,739.0,257.0,180.0,6.0,645.0,319.0,964.0,202.0,117.0,378.0,118.0,149.0,2247.0,149.0,399.0,16.0,551.0,729.0,124.0,1404.0,564.0,1968.0,69.0,345.0,245.0,100.0,382.0,89.0,261.0,358.0,42.0,121.0,43.0,740.0,54.0,190.0,438.0,921.0,56.0,48.0,979.0,101.0,21.0,397.0,12.0,117.0,140.0,106.0,6.0,28.0,144.0,85.0,12.0,9.0,17.0,3820.0,1302.0,1162.0,108.0,0.5143540669856459,0.5662862159789289,0.843915343915344,0.3603431839847474,0.3604651162790697,0.3173076923076923,0.3641618497109826,0.5032102728731942,0.5105820105820106,0.5530546623794212,0.5142615080485738,0.5161637931034483,0.5273019271948608,0.5510718789407314,0.5461538461538461,0.5771276595744681,0.2962439988703756,0.0057197330791229,0.0722311396468699,0.1214713430282292,0.0532081377151799,0.0058479532163742,,0.5162162162162162,0.9185185185185184,0.1367521367521367,0.7126099706744868,0.328665568369028,0.7997097242380261,0.2407108239095315,0.7476635514018691,0.2989634478996181,0.4444444444444444,0.3039772727272727,0.2280285035629453,0.2556053811659193,0.2023121387283237,0.63,0.659919028340081,0.8351063829787234,0.8317972350230415,0.7450980392156863,0.0417422867513611,89.71246006389777,0.5902777777777778,16.017023346303503,16.085499149866408,15.24975680933852,15.46368715083799,0.3301327308669867,0.6184773310521814,0.7039922103213242,0.5228215767634855,0.1804574978819542,0.4381846635367762,0.4628099173553719,0.4214285714285714,0.1931657723806834,0.3669590643274854,0.3691176470588235,0.5936254980079682,0.084439423891556,0.4046822742474916,0.4046822742474916,0.9669421487603306,0.2118045749788195,0.3426666666666667,0.3454301075268817,0.7859922178988327,0.5280172413793104,0.5795918367346938,0.1619718309859155,0.0387931034482758,0.146551724137931,0.3235294117647059,0.9090909090909092,0.3297644539614561,0.6396103896103896,0.076017130620985,0.3661971830985915,0.2580299785867238,0.3029045643153527,0.6263767297373624,0.3477672530446549,0.5130215460992908,0.5297014005602243,0.4967232861806311,0.1062889812889812,0.1423959827833572,0.0113207547169811,0.129443938012762,0.298313582497721,7.799077046548952,25.28007626310772,0.2835603112840467,False,9.0,2.0,4.0,1.0,3.0,2.0,0.008,0.5,0.8888888888888888,2548,1610612748,2014,2013-14,True,1.0,,875.0,45.0,0.27647557187235244,17.840955117943178,16.0,42.0,98.0,18.0,42.0,26.0,19.0,,,0.5046000421377905,0.3083783973593651,14.520143253981862,0.5446461652463875,0.2825052854122621,0.009661465910783318,-0.031902825487012676,3.320811863961316,0.00642571369434386,0.016458162487355987
135483.0,2258.0,7.0,4403.0,4399.0,867.0,1099.0,509.0,8802.0,750.0,1284.0,137.0,234.0,123.0,226.0,360.0,858.0,338.0,868.0,106.0,274.0,26.0,18.0,57.0,241.0,693.0,30.0,77.0,53.0,166.0,1448.0,3010.0,347.0,967.0,783.0,4720.0,4713.0,199.0,380.0,43.0,103.0,93.0,620.0,227.0,500.0,71.0,223.0,271.0,938.0,1420.0,1476.0,858.0,183.0,196.0,7.0,685.0,240.0,328.0,9.0,710.0,286.0,996.0,186.0,100.0,407.0,131.0,172.0,2278.0,124.0,453.0,16.0,390.0,1034.0,124.0,1548.0,593.0,2141.0,64.0,364.0,228.0,136.0,305.0,82.0,202.0,287.0,36.0,103.0,34.0,592.0,52.0,109.0,465.0,888.0,51.0,36.0,1008.0,87.0,35.0,390.0,20.0,114.0,184.0,125.0,4.0,55.0,190.0,106.0,10.0,15.0,7.0,4100.0,924.0,858.0,85.0,0.4903314917127072,0.5259259259259259,0.8242074927953891,0.358841778697001,0.4174757281553398,0.3183856502242152,0.3604166666666666,0.481063122923588,0.5236842105263158,0.454,0.4949710837314559,0.5455486542443064,0.4612724757952974,0.5316326530612245,0.5743494423791822,0.5264937993235626,0.2431481015841086,0.0093071354705274,0.108970099667774,0.1627725856697819,0.1095571095571095,0.0288018433179723,0.0036496350364963,0.5152027027027027,0.8985507246376812,0.1441441441441441,0.6962962962962963,0.2920696324951644,0.8125,0.2080536912751678,0.7246819338422392,0.2687470889613414,0.3586337760910816,0.3018108651911468,0.2163187855787476,0.1939252336448598,0.244047619047619,0.6167800453514739,0.6917148362235067,0.7676190476190476,0.8280701754385965,0.7897435897435897,0.0352422907488986,93.5532871282744,0.5578947368421052,14.918237565296389,15.866787906342353,14.171019759255053,15.26142305069334,0.3228564244405331,0.5841121495327103,0.6976744186046512,0.5426666666666666,0.2157405079205431,0.4195804195804196,0.4712041884816754,0.3638888888888889,0.2182549660548151,0.3894009216589861,0.4009489916963226,0.5088757396449705,0.0688961528790545,0.3868613138686131,0.3882783882783883,0.9433962264150944,0.174251948705054,0.3477633477633478,0.3518248175182482,0.7717842323651453,0.484472049689441,0.5854700854700855,0.2043795620437956,0.0538302277432712,0.1594202898550724,0.3896103896103896,0.8333333333333334,0.3125864453665283,0.5442477876106194,0.0788381742738589,0.3157894736842105,0.2295988934993084,0.3192771084337349,0.5660045260246417,0.3503649635036496,0.5060102699974766,0.5224011627906976,0.4938922969187675,0.095437616387337,0.1177180802897675,0.0203458799593082,0.1313559322033898,0.198728813559322,8.236079734219269,24.98066184074457,0.1969111969111969,True,13.0,3.0,6.0,2.0,4.0,2.0,0.0115440115440115,0.5,0.9230769230769232,2548,1610612748,2016,2015-16,True,4.0,1.0,836.0,41.0,0.2534573799346241,13.395119832017956,18.0,54.0,93.0,25.0,18.0,19.0,23.0,,,0.49468345575376,0.2833158447009444,14.087831542331822,0.5315488759160353,0.280174068859593,0.0002876279776958812,-0.029858464766320314,-0.6927117103138656,8.377714518925661e-05,-0.011426979898251588
102477.0,1708.0,-142.0,3314.0,3289.0,789.0,860.0,359.0,6603.0,497.0,870.0,97.0,163.0,125.0,223.0,250.0,633.0,254.0,659.0,74.0,191.0,17.0,15.0,38.0,184.0,584.0,21.0,64.0,45.0,140.0,1001.0,2162.0,258.0,775.0,573.0,3349.0,3491.0,144.0,276.0,28.0,81.0,70.0,442.0,222.0,499.0,60.0,178.0,175.0,799.0,892.0,1110.0,645.0,129.0,132.0,6.0,578.0,184.0,192.0,2.0,446.0,215.0,661.0,146.0,69.0,228.0,95.0,123.0,1537.0,105.0,298.0,15.0,365.0,724.0,97.0,1186.0,418.0,1604.0,45.0,247.0,159.0,88.0,248.0,51.0,177.0,220.0,36.0,71.0,29.0,468.0,26.0,105.0,359.0,720.0,43.0,30.0,753.0,72.0,22.0,326.0,14.0,58.0,144.0,100.0,3.0,41.0,147.0,78.0,2.0,8.0,5.0,2907.0,792.0,785.0,65.0,0.4455544455544455,0.4770053475935829,0.8333333333333334,0.3329032258064516,0.345679012345679,0.3370786516853932,0.3355006501950585,0.4629972247918594,0.5217391304347826,0.4448897795591182,0.4725910793326524,0.5210084033613446,0.4608567208271787,0.5108895705521472,0.5556962025316455,0.508301404853129,0.2638747020769492,0.0025806451612903,0.0888066604995374,0.1517241379310344,0.0726698262243285,0.0212443095599393,,0.5299145299145299,0.8981481481481481,0.1685393258426966,0.692822966507177,0.2625550660792951,0.8075221238938053,0.2142857142857142,0.7274549098196392,0.248,0.3589041095890411,0.267379679144385,0.1691919191919192,0.225201072386059,0.1794871794871795,0.5962732919254659,0.6553846153846153,0.8015075376884422,0.8118466898954704,0.8,0.0313370473537604,92.78491759126436,0.5306122448979592,15.254375377187689,15.787169352386744,14.502414001207,15.103678929765886,0.296220633299285,0.5712643678160919,0.6734417344173442,0.4587525150905432,0.2155260469867211,0.3949447077409163,0.4258943781942078,0.38,0.2243786176370446,0.385432473444613,0.3937984496124031,0.484251968503937,0.0650323459312223,0.387434554973822,0.387434554973822,0.9324324324324323,0.1988423561457269,0.3150684931506849,0.3161512027491409,0.7934782608695652,0.4565826330532213,0.5950920245398773,0.1855670103092783,0.0476190476190476,0.1792717086834734,0.328125,0.7142857142857143,0.3293943870014771,0.5605381165919282,0.0561299852289512,0.3947368421052631,0.206794682422452,0.3214285714285714,0.5600953353762342,0.3183391003460207,0.4917456596035543,0.5099799645390072,0.4877308494783905,0.1061836352279825,0.134933774834437,0.0178117048346055,0.1319796954314721,0.2385786802030456,8.71174838112859,25.09548387096775,0.2380808690404345,False,7.0,,3.0,1.0,2.0,2.0,0.0034246575342465,0.4117647058823529,1.0,2548,1610612748,2016,2015-16,True,3.0,,666.0,40.0,0.25638406537282943,14.10352226427831,11.0,43.0,48.0,20.0,24.0,20.0,25.0,,,0.49468345575376,0.2833158447009444,14.087831542331822,0.5315488759160353,0.280174068859593,-0.022092376421107618,-0.02693177932811497,0.015690721946487685,-0.020659305363888048,-0.03217406885959301
107532.0,1792.0,73.0,3555.0,3568.0,565.0,692.0,377.0,7123.0,658.0,1124.0,119.0,222.0,99.0,159.0,230.0,553.0,255.0,590.0,94.0,246.0,22.0,13.0,38.0,249.0,724.0,15.0,52.0,42.0,126.0,1143.0,2267.0,343.0,970.0,548.0,3863.0,3790.0,152.0,295.0,21.0,74.0,63.0,430.0,159.0,311.0,55.0,164.0,160.0,643.0,1214.0,1072.0,870.0,159.0,194.0,4.0,720.0,249.0,186.0,7.0,607.0,290.0,897.0,197.0,93.0,353.0,105.0,149.0,2084.0,129.0,314.0,8.0,344.0,899.0,83.0,1326.0,451.0,1777.0,62.0,282.0,197.0,85.0,296.0,66.0,180.0,187.0,27.0,116.0,17.0,483.0,37.0,67.0,398.0,702.0,49.0,25.0,717.0,83.0,25.0,317.0,14.0,52.0,179.0,111.0,7.0,61.0,189.0,98.0,7.0,4.0,4.0,3433.0,623.0,547.0,43.0,0.531058617672791,0.5803059273422562,0.8454810495626822,0.3536082474226804,0.2837837837837837,0.3353658536585366,0.3550724637681159,0.5041905602117336,0.5152542372881356,0.5112540192926045,0.5120481927710844,0.497289972899729,0.508421052631579,0.5428571428571428,0.527027027027027,0.5600706713780919,0.2996601791782514,0.0072164948453608,0.0820467578297309,0.1245551601423487,0.0578661844484629,0.023728813559322,0.0121951219512195,0.6128364389233955,0.912087912087912,0.0963855421686747,0.6654330125832717,0.2823741007194245,0.7445887445887446,0.2104404567699836,0.685603971318257,0.2568115942028985,0.3652173913043478,0.2701863354037267,0.1787878787878788,0.2073434125269978,0.22,0.5370370370370371,0.6951501154734411,0.7530864197530864,0.7470238095238095,0.7380952380952381,0.0403645833333333,95.38667559424172,0.5185185185185185,14.91533052039381,15.276905829596412,14.31673699015471,14.48206278026906,0.347235094223046,0.5854092526690391,0.6686991869918699,0.5364741641337386,0.1708371949335805,0.4159132007233273,0.4414587332053742,0.4565217391304347,0.182267531665122,0.4322033898305085,0.4427083333333333,0.5843137254901961,0.0759962928637627,0.3821138211382114,0.3868312757201646,0.9893617021276596,0.2236638863144887,0.3439226519337016,0.3458333333333333,0.7911646586345381,0.6016260162601627,0.536036036036036,0.1428571428571428,0.059620596205962,0.1409214092140921,0.2884615384615384,0.7333333333333333,0.3347368421052631,0.6226415094339622,0.08,0.3421052631578947,0.2652631578947368,0.3333333333333333,0.6468952734012975,0.3458333333333333,0.514343562364593,0.5296466666666667,0.4950892553191489,0.0950330175136376,0.126749300279888,0.0142566191446028,0.1113124514625938,0.1664509448615066,7.657741508601676,25.064020618556693,0.1589310829817159,True,6.0,1.0,10.0,5.0,5.0,1.0,0.005524861878453,0.2727272727272727,1.0,2548,1610612741,2017,2016-17,True,2.0,,674.0,36.0,0.22150139017608897,13.474757844931482,5.0,44.0,30.0,11.0,12.0,25.0,10.0,,,0.5231863227173008,0.2848173084196989,13.998511786122409,0.5621925746243515,0.2712132089016511,-0.011138129946216435,-0.06331591824360991,-0.5237539411909271,-0.019335431767208644,-0.014401614698752618
129828.0,2164.0,-108.0,4279.0,4276.0,1121.0,1262.0,485.0,8555.0,805.0,1332.0,158.0,272.0,209.0,345.0,274.0,696.0,283.0,682.0,100.0,241.0,21.0,23.0,63.0,288.0,910.0,15.0,70.0,62.0,229.0,1362.0,2710.0,388.0,1151.0,649.0,4537.0,4645.0,205.0,377.0,23.0,91.0,68.0,547.0,346.0,672.0,85.0,292.0,260.0,1207.0,1418.0,1306.0,999.0,165.0,226.0,7.0,903.0,288.0,194.0,6.0,709.0,333.0,1042.0,237.0,96.0,430.0,124.0,155.0,2417.0,148.0,402.0,11.0,537.0,920.0,81.0,1538.0,561.0,2099.0,82.0,320.0,221.0,99.0,347.0,81.0,222.0,270.0,38.0,125.0,36.0,617.0,57.0,151.0,436.0,839.0,55.0,44.0,838.0,97.0,19.0,358.0,15.0,80.0,181.0,118.0,13.0,50.0,189.0,112.0,6.0,5.0,11.0,3990.0,1192.0,1112.0,78.0,0.5205580029368576,0.567654123298639,0.8582474226804123,0.3370981754995656,0.2527472527472527,0.2910958904109589,0.3391608391608391,0.5025830258302583,0.5437665782493368,0.5148809523809523,0.5034965034965035,0.5117521367521367,0.4911825726141078,0.5361631491581693,0.5384615384615384,0.5403587443946188,0.2981092981092981,0.0052128583840139,0.0715867158671586,0.0998498498498498,0.0804597701149425,0.0073313782991202,,0.5623987034035657,0.8901098901098901,0.1134020618556701,0.6686046511627907,0.3018018018018018,0.7748917748917749,0.2008141112618724,0.7042049299178347,0.2658289028516191,0.3737957610789981,0.3014354066985646,0.2075949367088607,0.2053422370617696,0.181159420289855,0.5763440860215053,0.7053140096618358,0.7243460764587525,0.7757936507936508,0.7724867724867724,0.0437566702241195,94.88862186893428,0.5925925925925926,15.029913531198876,15.32156220767072,14.335826127599908,14.620907390084191,0.3449883449883449,0.6043543543543544,0.6713928273561302,0.5341614906832298,0.1802641802641802,0.3936781609195402,0.428125,0.4525547445255474,0.1766381766381766,0.4149560117302053,0.4180206794682422,0.5477031802120141,0.0624190624190624,0.4149377593360996,0.4149377593360996,0.96,0.2356902356902357,0.3164835164835164,0.3185840707964602,0.8229166666666666,0.5811965811965812,0.5808823529411765,0.170886075949367,0.0448717948717948,0.1495726495726495,0.2142857142857142,0.8666666666666667,0.3578838174273859,0.6057971014492753,0.0653526970954356,0.365079365079365,0.237551867219917,0.2707423580786026,0.6430976430976431,0.3189368770764119,0.5111537861046057,0.5257502770083103,0.5035977941176472,0.0901619531061155,0.1204981487714574,0.0128644939965694,0.1205642495040775,0.2660348247740798,7.599261992619929,25.324674196351,0.2619770974526758,False,8.0,1.0,8.0,4.0,4.0,1.0,0.0065934065934065,0.3809523809523809,1.0,2548,1610612741,2017,2016-17,True,,,781.0,44.0,0.21704221704221704,14.396647471136705,6.0,53.0,65.0,29.0,18.0,15.0,20.0,,,0.5231863227173008,0.2848173084196989,13.998511786122409,0.5621925746243515,0.2712132089016511,-0.019689819220797267,-0.06777509137748183,0.39813568501429586,-0.026029425466182143,-0.0053843060500320394
28041.0,467.0,41.0,937.0,939.0,352.0,305.0,109.0,1876.0,159.0,253.0,24.0,35.0,56.0,84.0,52.0,143.0,47.0,113.0,26.0,70.0,5.0,8.0,24.0,78.0,228.0,6.0,18.0,24.0,84.0,258.0,509.0,104.0,298.0,191.0,1019.0,978.0,38.0,63.0,8.0,23.0,35.0,135.0,97.0,179.0,32.0,108.0,86.0,376.0,224.0,292.0,270.0,42.0,32.0,,228.0,78.0,48.0,2.0,112.0,90.0,202.0,66.0,24.0,81.0,14.0,17.0,494.0,45.0,69.0,6.0,132.0,206.0,26.0,364.0,120.0,484.0,8.0,88.0,58.0,30.0,84.0,17.0,42.0,65.0,9.0,42.0,4.0,149.0,15.0,56.0,94.0,205.0,15.0,11.0,242.0,24.0,7.0,87.0,7.0,34.0,36.0,28.0,,8.0,36.0,23.0,2.0,1.0,,884.0,369.0,347.0,26.0,0.4341085271317829,0.4628099173553719,0.8653846153846154,0.348993288590604,0.3478260869565217,0.2962962962962963,0.348993288590604,0.5068762278978389,0.6031746031746031,0.5418994413407822,0.5130111524163569,0.5813953488372093,0.5052264808362369,0.5565934065934066,0.6261682242990654,0.5547337278106509,0.369268897149938,0.0067114093959731,0.0943025540275049,0.0988142292490118,0.1468531468531468,0.0176991150442477,,0.5637583892617449,0.896551724137931,0.2,0.7253521126760564,0.2782258064516129,0.7586206896551724,0.2432432432432432,0.7379912663755459,0.2632794457274827,0.4301075268817204,0.2087912087912088,0.15625,0.2765957446808511,0.1363636363636363,0.6610169491525424,0.6808510638297872,0.8888888888888888,0.7464788732394366,0.8125,0.0208333333333333,96.33893227773616,0.6388888888888888,14.728922091782284,15.165069222577207,13.994663820704377,14.370607028753994,0.3135068153655514,0.6284584980237155,0.6973684210526315,0.5094339622641509,0.1771995043370508,0.3636363636363636,0.4262295081967213,0.2692307692307692,0.1400247831474597,0.415929203539823,0.4234234234234234,0.3617021276595745,0.0867410161090458,0.3714285714285714,0.3714285714285714,0.9230769230769232,0.2825278810408922,0.3421052631578947,0.3451327433628318,0.8461538461538461,0.4069767441860465,0.6857142857142857,0.2083333333333333,0.0581395348837209,0.2093023255813953,0.3333333333333333,1.0,0.2926829268292683,0.6666666666666666,0.0836236933797909,0.3333333333333333,0.2926829268292683,0.2857142857142857,0.6827757125154895,0.3421052631578947,0.508784906832298,0.5212499999999999,0.4986829824561403,0.1073059360730593,0.1520979020979021,0.0230263157894736,0.1324828263002944,0.3689892051030422,7.1335952848723005,25.370805369127524,0.375667022411953,True,2.0,2.0,,,,2.0,0.0087719298245614,0.4,1.0,2548,1610612748,2018,2017-18,True,1.0,,191.0,6.0,0.29987608426270135,15.809354044648162,9.0,9.0,26.0,7.0,5.0,3.0,6.0,,,0.5179140127388535,0.2665749855240301,13.78430803537336,0.5535251425609123,0.2520447110141766,-0.004902860322496649,0.033301098738671264,2.025046009274801,0.0030682640324942723,0.011234734713306105
211119.0,3519.0,-80.0,6959.0,6932.0,1702.0,1661.0,719.0,13891.0,1163.0,1923.0,208.0,368.0,271.0,457.0,494.0,1349.0,390.0,912.0,139.0,383.0,36.0,30.0,95.0,542.0,1500.0,38.0,97.0,129.0,412.0,2047.0,4184.0,681.0,1883.0,1285.0,7422.0,7502.0,270.0,536.0,53.0,133.0,133.0,832.0,467.0,927.0,159.0,507.0,451.0,1862.0,1928.0,2166.0,1662.0,381.0,304.0,15.0,1485.0,542.0,370.0,17.0,964.0,554.0,1518.0,430.0,124.0,621.0,174.0,169.0,3590.0,222.0,592.0,15.0,1081.0,1364.0,153.0,2598.0,829.0,3427.0,132.0,528.0,333.0,195.0,536.0,128.0,341.0,475.0,65.0,195.0,64.0,1011.0,78.0,219.0,589.0,1382.0,72.0,76.0,1643.0,147.0,27.0,690.0,35.0,146.0,327.0,190.0,10.0,127.0,342.0,203.0,7.0,8.0,13.0,6590.0,1854.0,1698.0,136.0,0.4709330727894479,0.5087071240105541,0.8135095447870778,0.3616569304301646,0.3984962406015037,0.3136094674556213,0.3645610278372591,0.4892447418738049,0.503731343283582,0.5037756202804746,0.5057689137959452,0.5224215246636771,0.4919804741980474,0.5453942520265291,0.556970509383378,0.5474646226415094,0.3103675622218559,0.0090281465746149,0.0884321223709369,0.1180447217888715,0.0904373610081542,0.0230263157894736,0.0052219321148825,0.5301681503461919,0.9,0.0806451612903225,0.7213114754098361,0.2804358124111795,0.7879008746355685,0.1923743500866551,0.7493104505056696,0.2493108728943338,0.3346613545816733,0.2978723404255319,0.171875,0.1774370208105148,0.2489626556016597,0.6437956204379562,0.7155049786628734,0.8349900596421471,0.783,0.8010752688172043,0.0457380457380457,94.74770153325848,0.5935672514619883,14.867797097284091,15.53000577034045,14.279925276620204,14.840882862088865,0.3169606065600791,0.6047841913676547,0.6857311320754716,0.5339638865004299,0.2223504203065765,0.3661971830985915,0.4026079869600652,0.3522267206477733,0.1503214109114883,0.4276315789473684,0.4377104377104377,0.4333333333333333,0.0631283995384869,0.3629242819843342,0.3648293963254593,0.8920863309352518,0.247239162683369,0.3613333333333333,0.3649831649831649,0.7933579335793358,0.5500747384155455,0.5652173913043478,0.1971153846153846,0.0538116591928251,0.1449925261584454,0.3917525773195876,0.8947368421052632,0.3186889818688982,0.5929978118161926,0.0662482566248256,0.3157894736842105,0.2873082287308228,0.3131067961165049,0.6273281687819351,0.3649831649831649,0.5037306611570249,0.5411998116760828,0.4986584739803095,0.1092031932519957,0.1459699598053734,0.0183054393305439,0.112099164645648,0.2508757747237941,7.4168260038240925,25.61975570897503,0.2445753700244288,False,15.0,1.0,15.0,10.0,5.0,5.0,0.01,0.4166666666666667,0.9333333333333332,2548,1610612748,2018,2017-18,True,6.0,,1454.0,82.0,0.27080929619251687,14.501026976786882,30.0,84.0,141.0,31.0,51.0,56.0,43.0,,,0.5179140127388535,0.2665749855240301,13.78430803537336,0.5535251425609123,0.2520447110141766,-0.012145098942908272,0.004234310668486785,0.7167189414135215,-0.008130890534383206,-0.002733838119842791
